day,scenario,appi,daily_ubi_amount,a_supply_total,a_unclaimed_total,a_decay_burn_total,b_supply_total,b_reserves,b_liabilities,reserve_coverage_ratio,crystallized_a_total,crystallized_b_total,top10_b_share,median_b_balance,gini_b,gini_integrity,virtual_stake_usage_rate,defense_quota_usage_rate,defense_quota_uptake_rate,defense_quota_eligible_total
0,appi_shock,101.6157,101.6157,13306.2193,4166.2443,0.0,146.1112,20000.0,0.0,20000.0,0.0,0.0,0.1937,1.3543,0.3155,0.2698,0.0,0.0,0.0,0
1,appi_shock,100.2864,100.2864,22010.1909,5436.7349,0.0,146.1112,20000.0,43.3427,461.4383,0.0,0.0,0.1937,1.3543,0.3155,0.2698,0.0,0.0,0.0,0
2,appi_shock,101.4561,101.4561,32736.7288,4855.803,0.0,146.1112,20000.0,43.3427,461.4383,0.0,0.0,0.1937,1.3543,0.3155,0.2698,0.0,0.0,0.0,0
3,appi_shock,101.5527,101.5527,42269.8001,5478.0042,0.0,146.1112,20000.0,43.3427,461.4383,0.0,0.0,0.1937,1.3543,0.3155,0.2698,0.0,0.0,0.0,0
4,appi_shock,102.4619,102.4619,51839.3028,6126.1212,0.0,166.0928,19980.0184,46.2154,432.3241,24.977,19.9816,0.2771,1.3836,0.3847,0.2688,0.0,0.0,0.0,0
5,appi_shock,102.0681,102.0681,62148.7469,6023.4863,0.0,189.454,19956.6573,22.8542,873.2146,54.1784,43.3427,0.3496,1.4346,0.4441,0.2692,0.0,0.0,0.0,0
6,appi_shock,102.7898,102.7898,72507.7912,5943.4251,0.0,189.454,19956.6573,22.8542,873.2146,54.1784,43.3427,0.3496,1.4346,0.4441,0.2692,0.0,0.0,0.0,0
7,appi_shock,104.6935,104.6935,81653.4815,7267.0828,0.0,212.3082,19933.803,-0.0,19933.803,82.7462,66.197,0.4074,1.5033,0.4871,0.2686,0.0,0.0,0.0,0
8,appi_shock,104.0671,104.0671,94125.7866,5201.4926,0.0,212.3082,19933.803,-0.0,19933.803,82.7462,66.197,0.4074,1.5033,0.4871,0.2686,0.0,0.0,0.0,0
9,appi_shock,105.2511,105.2511,104162.2925,5651.8202,7.5875,212.3082,19933.803,40.7481,489.1955,82.7462,66.197,0.3584,1.5033,0.4476,0.2686,0.0,0.0,0.0,0
10,appi_shock,104.3205,104.3205,115851.6613,4284.3188,77.1234,212.3082,19933.803,57.0702,349.2856,82.7462,66.197,0.4013,1.5424,0.482,0.2689,0.0,0.0,0.0,0
11,appi_shock,105.327,105.327,124372.9961,6093.5529,243.9635,245.7881,19900.3231,51.8268,383.9775,124.5961,99.6769,0.4782,1.5424,0.5409,0.2668,0.0,0.0,0.0,0
12,appi_shock,106.0143,106.0143,133920.2883,6867.754,493.7647,274.0501,19872.0611,63.0655,315.1021,159.9236,127.9389,0.4946,1.6048,0.55,0.2631,0.0,0.0,0.0,0
13,appi_shock,106.6706,106.6706,144366.2133,6689.2621,834.7602,294.0968,19852.0144,89.9258,220.7599,184.982,147.9856,0.5229,1.6448,0.5679,0.2625,0.0,0.0,0.0,0
14,appi_shock,105.441,105.441,155129.4788,6024.6419,1280.215,317.6616,19828.4496,50.9714,389.0113,214.438,171.5504,0.5265,1.6959,0.5954,0.2624,0.0,0.0,0.0,0
15,appi_shock,104.8875,104.8875,166068.5153,4946.3029,1833.3024,341.7727,19804.3385,86.8326,228.0749,244.5768,195.6615,0.5309,1.7256,0.6091,0.2646,0.0,0.0,0.0,0
16,appi_shock,105.2777,105.2777,174989.3796,5892.5255,2493.9875,373.1389,19772.9723,55.4664,356.4859,283.7846,227.0277,0.5257,1.7469,0.6172,0.2644,0.0,0.0,0.0,0
17,appi_shock,104.8623,104.8623,184798.9557,5774.9177,3243.8813,390.6264,19755.4849,86.3668,228.7394,305.6439,244.5151,0.5294,1.7469,0.62,0.2646,0.0,0.0,0.0,0
18,appi_shock,104.1937,104.1937,195432.0031,4699.993,4091.8709,439.4702,19706.641,48.1309,409.4383,366.6988,293.359,0.4941,1.8356,0.627,0.2637,0.0,0.0,0.0,0
19,appi_shock,107.5325,107.5325,203726.987,6185.6358,5046.1909,459.2452,19686.866,42.9964,457.8724,391.4175,313.134,0.4722,1.8421,0.623,0.2635,0.0,0.0,0.0,0
20,appi_shock,107.466,107.466,213270.782,6323.4785,6083.4608,483.8786,19662.2327,50.2,391.6782,422.2092,337.7673,0.4903,1.856,0.6283,0.2627,0.0,0.0,0.0,0
21,appi_shock,105.821,105.821,222823.896,6170.8008,7216.1686,504.1295,19641.9818,62.9163,312.1924,447.5228,358.0182,0.4746,1.856,0.6341,0.2646,0.0,0.0,0.0,0
22,appi_shock,104.5248,104.5248,232966.5923,5252.3478,8444.4076,526.2862,19619.825,46.2901,423.8449,475.2187,380.175,0.4692,1.8654,0.6336,0.2614,0.0,0.0,0.0,0
23,appi_shock,104.2839,104.2839,241833.0945,5433.4468,9774.0735,540.5317,19605.5795,64.7148,302.9537,503.3096,394.4205,0.4837,1.8654,0.6416,0.2627,0.5,0.0,0.0,0
24,appi_shock,106.4028,106.4028,250967.0492,5503.9027,11192.4044,573.4711,19572.6401,45.804,427.3124,544.4838,427.3599,0.4891,1.8856,0.6494,0.2635,0.5,0.0,0.0,0
25,appi_shock,105.0213,105.0213,259858.7344,5578.6168,12702.0749,573.4711,19572.6401,61.1225,320.2201,544.4838,427.3599,0.4843,1.8856,0.6489,0.2645,0.5,0.0,0.0,0
26,appi_shock,105.9331,105.9331,269544.0629,4862.2104,14300.6623,599.5845,19546.5267,61.1361,319.7214,577.1256,453.4733,0.4814,1.9053,0.651,0.2629,0.5,0.0,0.0,0
27,appi_shock,104.4779,104.4779,277470.2698,5662.8051,15996.1029,650.4767,19495.6346,14.3071,1362.6592,640.7407,504.3654,0.442,2.0018,0.6418,0.2611,0.25,0.0,0.0,0
28,appi_shock,104.7575,104.7575,288252.5111,3560.9742,17770.8056,650.4767,19495.6346,50.2176,388.2231,640.7407,504.3654,0.4421,2.0018,0.64,0.2598,0.25,0.0,0.0,0
29,appi_shock,103.2969,103.2969,296108.7206,4144.4584,19653.3307,655.0461,19491.0651,68.1111,286.1657,653.421,508.9349,0.4209,2.0254,0.6248,0.2568,0.1667,0.0,0.0,0
30,appi_shock,195.7904,108.4618,304904.0199,4188.6911,21614.4179,700.3139,19445.7973,12.3482,1574.7835,710.0057,554.2027,0.4007,2.2274,0.6171,0.2529,0.1667,0.0,0.0,0
31,appi_shock,196.2362,113.8849,312574.8321,5820.0081,23663.4581,706.6817,19439.4296,35.8354,542.465,717.9654,560.5704,0.4067,2.2782,0.616,0.2549,0.1667,0.0,0.0,0
32,appi_shock,201.7227,119.5791,321871.0436,6322.4961,25789.2064,733.4534,19412.6578,50.2236,386.5249,751.4302,587.3422,0.4072,2.4176,0.6149,0.2541,0.1667,0.0,0.0,0
33,appi_shock,196.5946,125.5581,332244.2996,6228.8529,28007.9169,763.3083,19382.8029,51.9684,372.9727,788.7488,617.1971,0.4157,2.5504,0.619,0.2512,0.1667,0.0,0.0,0
34,appi_shock,196.6177,131.836,343453.076,5833.6534,30330.3599,801.3712,19344.74,104.126,185.782,836.3274,655.26,0.4202,2.5504,0.619,0.2506,0.1667,0.0,0.0,0
35,appi_shock,198.298,138.4278,351791.0423,8865.2532,32764.8906,807.3517,19338.7595,129.0907,149.8076,843.803,661.2405,0.4168,2.5987,0.614,0.2511,0.1667,0.0,0.0,0
36,appi_shock,199.8802,145.3492,364806.141,7844.2254,35282.801,853.3396,19292.7716,101.4516,190.1673,901.2879,707.2284,0.4261,2.6863,0.6198,0.2492,0.1667,0.0,0.0,0
37,appi_shock,198.4663,152.6166,376719.8976,8521.1867,37930.8625,884.2848,19261.8264,55.5104,346.9951,939.9693,738.1736,0.4487,2.748,0.6335,0.247,0.1667,0.0,0.0,0
38,appi_shock,191.8175,160.2475,390624.2059,7746.3842,40698.0614,892.8438,19253.2674,149.3846,128.8839,950.6682,746.7326,0.4443,2.748,0.6325,0.247,0.1667,0.0,0.0,0
39,appi_shock,192.9504,168.2598,405632.0496,6658.2821,43604.3035,892.8438,19253.2674,130.5303,147.5004,950.6682,746.7326,0.456,2.748,0.6387,0.2476,0.1667,0.0,0.0,0
40,appi_shock,193.4001,176.6728,419021.7207,7800.4459,46660.624,934.3089,19211.8023,152.3672,126.0888,1002.4995,788.1977,0.4724,2.748,0.6482,0.2476,0.1667,0.0,0.0,0
41,appi_shock,194.8196,185.5065,433789.3023,8376.3753,49850.8412,1005.0253,19141.0859,106.3746,179.9404,1090.895,858.9141,0.4526,2.8468,0.6368,0.2454,0.1667,0.0,0.0,0
42,appi_shock,191.5494,191.5494,451350.5488,6632.1752,53188.7342,1039.2742,19106.837,72.1256,264.9105,1133.7062,893.163,0.4633,2.8468,0.6444,0.244,0.1667,0.0,0.0,0
43,appi_shock,190.1172,190.1172,463616.7055,9864.2322,56702.2397,1086.6761,19059.4351,24.7237,770.8968,1192.9586,940.5649,0.4615,2.8853,0.6441,0.2416,0.1667,0.0,0.0,0
44,appi_shock,192.0194,192.0194,480634.0327,8397.6769,60338.4068,1100.2112,19045.9,12.0009,1587.0443,1209.8774,954.1,0.4511,2.9013,0.638,0.2419,0.1667,0.0,0.0,0
45,appi_shock,186.6511,188.179,495928.4947,8114.7758,64144.7471,1100.2112,19045.9,12.0009,1587.0443,1209.8774,954.1,0.4511,2.9013,0.638,0.2419,0.1667,0.0,0.0,0
46,appi_shock,189.5613,189.5613,510052.9528,8901.3385,68104.032,1112.2121,19033.8991,68.6631,277.2071,1224.8785,966.1009,0.4463,3.1346,0.6337,0.2409,0.1667,0.0,0.0,0
47,appi_shock,189.3291,189.3291,524318.5803,9468.0921,72204.5616,1150.3827,18995.7285,65.2007,291.3426,1272.5918,1004.2715,0.4563,3.1346,0.6382,0.2433,0.1667,0.0,0.0,0
48,appi_shock,190.37,190.37,538076.615,10449.5444,76447.7474,1150.3827,18995.7285,142.7502,133.0697,1272.5918,1004.2715,0.4479,3.1346,0.6299,0.2433,0.1667,0.0,0.0,0
49,appi_shock,183.1554,186.5626,548707.9494,14093.7073,80828.5135,1193.8472,18952.2641,104.5135,181.338,1326.9223,1047.7359,0.4359,3.8522,0.6218,0.2439,0.1667,0.0,0.0,0
50,appi_shock,183.5617,183.5617,569443.3093,7214.8727,85315.593,1193.8472,18952.2641,88.6165,213.8684,1326.9223,1047.7359,0.4361,4.0547,0.6212,0.2418,0.1667,0.0,0.0,0
51,appi_shock,187.6585,187.6585,583962.3035,6719.354,90010.0261,1224.3396,18921.7716,105.1848,179.8908,1365.0379,1078.2284,0.4239,4.3085,0.6162,0.2398,0.125,0.0,0.0,0
52,appi_shock,185.3267,185.3267,597214.2122,7050.5442,94849.6491,1301.8244,18844.2868,115.6603,162.9278,1461.8938,1155.7132,0.4102,5.3972,0.6148,0.2374,0.125,0.0,0.0,0
53,appi_shock,180.5807,181.6202,608296.0469,9141.271,99821.7913,1301.8244,18844.2868,72.7293,259.1019,1461.8938,1155.7132,0.3923,6.3443,0.6071,0.2385,0.125,0.0,0.0,0
54,appi_shock,180.2733,180.2733,620563.4696,9787.2797,104904.7517,1334.5309,18811.5803,64.7732,290.4223,1502.777,1188.4197,0.3827,6.6361,0.6032,0.2383,0.125,0.0,0.0,0
55,appi_shock,182.8902,182.8902,633728.7889,9659.2384,110110.3864,1422.339,18723.7722,13.8522,1351.6838,1612.5371,1276.2278,0.3658,7.279,0.5937,0.2378,0.125,0.0,0.0,0
56,appi_shock,179.0154,179.2324,645782.8418,10086.6483,115447.6743,1488.6781,18657.4331,31.1054,599.8127,1695.461,1342.5669,0.362,8.0152,0.5919,0.2386,0.125,0.0,0.0,0
57,appi_shock,182.7854,182.7854,659915.943,8724.3755,120905.5027,1488.6781,18657.4331,88.4042,211.0469,1695.461,1342.5669,0.3663,7.279,0.5957,0.2386,0.125,0.0,0.0,0
58,appi_shock,183.6643,183.6643,670354.386,10990.0361,126504.6622,1488.6781,18657.4331,138.9398,134.2843,1695.461,1342.5669,0.3663,7.279,0.5957,0.2386,0.125,0.0,0.0,0
59,appi_shock,183.7286,183.7286,683716.6414,10274.2982,132208.206,1540.9428,18605.1684,162.4084,114.5579,1760.7919,1394.8316,0.3579,7.279,0.591,0.2388,0.125,0.0,0.0,0
60,appi_shock,183.2062,183.2062,696572.6642,9901.733,138045.3724,1553.7982,18592.313,166.7711,111.484,1783.5909,1407.687,0.3604,7.0098,0.5946,0.239,0.1,0.1,1.0,1
61,appi_shock,178.6936,179.5421,706597.153,11753.8539,144011.0991,1621.5673,18524.5439,196.9624,94.0512,1868.3023,1475.4561,0.345,8.929,0.5696,0.2422,0.1,0.1,1.0,1
62,appi_shock,179.18,179.18,720822.419,9343.1778,150077.0706,1657.1727,18488.9386,138.6808,133.3201,1925.0551,1511.0614,0.3315,9.2849,0.5614,0.2444,0.0833,0.0833,1.0,1
63,appi_shock,176.1771,176.1771,732537.5503,9037.5278,156285.2948,1684.0371,18462.0741,145.8736,126.5621,1958.6357,1537.9259,0.3287,9.2849,0.5551,0.2456,0.0833,0.0833,1.0,1
64,appi_shock,176.3862,176.3862,743848.6922,9010.3102,162610.6703,1702.7813,18443.3299,126.6266,145.6513,1982.0659,1556.6701,0.3201,11.035,0.5432,0.2465,0.0833,0.0833,1.0,1
65,appi_shock,181.3339,181.3339,754085.3943,10418.2161,169049.1572,1743.0198,18403.0915,204.7963,89.8605,2032.3639,1596.9085,0.3296,9.3359,0.5492,0.2462,0.0833,0.0833,1.0,1
66,appi_shock,179.5137,179.5137,763263.4047,12566.3621,175590.0112,1766.4736,18379.6376,161.3164,113.9353,2061.6812,1620.3624,0.3113,11.035,0.5329,0.2441,0.0714,0.0714,1.0,1
67,appi_shock,177.1922,177.1922,778158.6406,8730.3873,182222.6452,1796.4213,18349.6899,201.4093,91.1065,2099.1159,1650.3101,0.2915,11.7962,0.5117,0.2454,0.0714,0.0714,1.0,1
68,appi_shock,177.2215,177.2215,789456.385,8337.8437,189004.2316,1814.4157,18331.6955,144.0582,127.252,2137.0661,1668.3045,0.2869,11.7962,0.5089,0.247,0.1111,0.1111,1.0,2
69,appi_shock,178.0075,178.0075,798905.0867,9785.6595,195898.7955,1814.4157,18331.6955,193.5522,94.7119,2137.0661,1668.3045,0.2889,11.0068,0.5147,0.247,0.1111,0.1111,1.0,2
70,appi_shock,181.6851,181.6851,811888.6835,7938.6998,202887.8463,1873.4049,18272.7063,185.5387,98.4846,2210.8027,1727.2937,0.282,12.1179,0.5008,0.2449,0.1111,0.1111,1.0,2
71,appi_shock,179.7597,179.7597,820061.8462,10622.6176,210006.7332,1901.6947,18244.4165,185.2745,98.4724,2246.1649,1755.5835,0.2838,11.768,0.5044,0.2458,0.1111,0.1111,1.0,2
72,appi_shock,177.6024,177.6024,830162.5912,11081.4948,217207.3516,1901.6947,18244.4165,108.5305,168.104,2246.1649,1755.5835,0.2937,13.2518,0.4989,0.243,0.1111,0.1111,1.0,2
73,appi_shock,177.4923,177.4923,842588.6862,9077.7486,224508.9775,1909.4297,18236.6815,122.0504,149.4193,2255.8337,1763.3185,0.2979,12.552,0.5051,0.2424,0.1111,0.1111,1.0,2
74,appi_shock,183.0235,183.0235,851079.7564,11419.4058,231934.8644,1919.7718,18226.3395,129.3751,140.8798,2268.7613,1773.6605,0.3049,12.552,0.5093,0.2446,0.1111,0.1111,1.0,2
75,appi_shock,184.306,184.306,864913.7123,8413.8183,239445.662,1945.4671,18200.6441,181.4379,100.3134,2311.5869,1799.3559,0.3029,13.2518,0.509,0.2456,0.15,0.1,1.0,2
76,appi_shock,182.5854,182.5854,873889.2253,10047.7064,247094.7991,2013.1401,18132.9711,150.13,120.7818,2415.3503,1867.0289,0.3214,12.552,0.5249,0.2434,0.1364,0.0909,1.0,2
77,appi_shock,179.7342,179.7342,884675.4299,9383.7979,254833.6913,2036.9445,18109.1667,202.2818,89.5244,2445.1058,1890.8333,0.3217,13.2518,0.5229,0.2437,0.1364,0.0909,1.0,2
78,appi_shock,184.0262,184.0262,894379.1305,10235.9591,262680.4456,2036.9445,18109.1667,165.5538,109.3854,2445.1058,1890.8333,0.3157,13.8374,0.5139,0.2441,0.1667,0.0833,1.0,2
79,appi_shock,184.146,184.146,905342.3928,9743.5031,270624.2369,2059.9522,18086.1591,124.0587,145.7871,2473.8654,1913.8409,0.3125,15.0161,0.5034,0.2416,0.1667,0.0833,1.0,2
80,appi_shock,182.5953,182.5953,915851.3223,9335.1404,278677.6609,2102.9279,18043.1834,215.3174,83.7981,2527.585,1956.8166,0.2979,15.0161,0.4929,0.2411,0.1667,0.0833,1.0,2
81,appi_shock,187.3873,187.3873,927501.4819,8184.1551,286836.1741,2171.865,17974.2462,213.45,84.2082,2613.7564,2025.7538,0.2989,16.0048,0.4925,0.2411,0.1667,0.0833,1.0,2
82,appi_shock,188.7792,188.7792,935190.4582,11098.0854,295111.1889,2246.1873,17899.9239,151.7928,117.9234,2706.6593,2100.0761,0.2923,16.8139,0.4969,0.2417,0.1667,0.0833,1.0,2
83,appi_shock,189.5825,189.5825,946255.4705,10581.9729,303463.0935,2276.5692,17869.5421,134.3432,133.0141,2757.8978,2130.4579,0.3042,16.8139,0.5055,0.242,0.1538,0.0769,1.0,2
84,appi_shock,186.1589,186.1589,955142.7352,11806.2059,311925.6482,2310.0369,17836.0743,148.1961,120.3545,2799.7324,2163.9257,0.3015,16.8139,0.5094,0.2398,0.1538,0.0769,1.0,2
85,appi_shock,184.2025,184.2025,967173.0364,9610.3201,320477.0756,2366.3762,17779.735,137.0629,129.7195,2870.1566,2220.265,0.3127,16.8139,0.5171,0.2387,0.1538,0.0769,1.0,2
86,appi_shock,189.3805,189.3805,977843.788,9205.8864,329148.8059,2383.5149,17762.5963,135.8131,130.787,2891.58,2237.4037,0.3105,17.302,0.51,0.2388,0.1538,0.0769,1.0,2
87,appi_shock,192.9222,192.9222,987957.0846,9556.7905,337927.2438,2383.5149,17762.5963,207.5138,85.5972,2891.58,2237.4037,0.3192,16.4203,0.5182,0.2381,0.1538,0.0769,1.0,2
88,appi_shock,188.1415,189.0638,998997.1371,8543.5469,346806.8146,2408.3061,17737.8051,160.1301,110.7712,2922.5689,2262.1949,0.3125,17.302,0.5056,0.237,0.1538,0.0769,1.0,2
89,appi_shock,191.8537,191.8537,1009324.7915,8411.289,355796.786,2408.3061,17737.8051,130.9836,135.42,2922.5689,2262.1949,0.3184,16.8139,0.5174,0.2379,0.1538,0.0769,1.0,2
90,appi_shock,190.0202,190.0202,1020064.3508,10467.4525,364890.0339,2433.8907,17712.2206,189.2163,93.6083,2954.5496,2287.7794,0.3265,12.0996,0.5841,0.3167,0.1429,0.0714,1.0,2
91,appi_shock,194.9426,194.9426,1032687.6083,11020.9111,374070.8862,2433.8907,17712.2206,273.189,64.835,2954.5496,2287.7794,0.3278,12.0996,0.5815,0.3167,0.1429,0.0714,1.0,2
92,appi_shock,196.9636,196.9636,1047415.9927,9618.2618,383352.727,2481.3434,17664.7678,283.8277,62.2376,3013.8655,2335.2322,0.3244,12.9678,0.5754,0.3171,0.1429,0.0714,1.0,2
93,appi_shock,191.4314,193.0244,1060331.6808,9506.2978,392746.8061,2504.4498,17641.6614,164.1142,107.4963,3042.7485,2358.3386,0.3128,14.7026,0.5602,0.315,0.1429,0.0714,1.0,2
94,appi_shock,194.0621,194.0621,1074861.8702,7761.0225,402246.8002,2530.7576,17615.3536,131.5093,133.9476,3075.6334,2384.6464,0.2916,15.5607,0.5489,0.3129,0.1333,0.0667,1.0,2
95,appi_shock,198.7293,198.7293,1083572.7841,12241.6615,411859.4219,2530.7576,17615.3536,206.3691,85.3585,3075.6334,2384.6464,0.2846,14.7026,0.55,0.3133,0.1333,0.0667,1.0,2
96,appi_shock,195.8474,195.8474,1095047.3765,13556.4758,421553.5564,2530.7576,17615.3536,260.9909,67.4941,3075.6334,2384.6464,0.2924,14.7026,0.5494,0.3114,0.1333,0.0667,1.0,2
97,appi_shock,199.583,199.583,1111768.5582,9929.1214,431357.3868,2561.8836,17584.2276,271.4729,64.7734,3114.5408,2415.7724,0.2868,15.5607,0.545,0.3124,0.1333,0.0667,1.0,2
98,appi_shock,194.1859,195.5913,1121826.7353,12375.3259,441325.3435,2611.1328,17534.9784,265.8246,65.9645,3176.1023,2465.0216,0.2841,15.5607,0.5447,0.3113,0.1333,0.0667,1.0,2
99,appi_shock,199.4302,199.4302,1134565.3016,12502.6937,451393.882,2635.6178,17510.4934,228.8575,76.5126,3206.7085,2489.5066,0.2844,14.8119,0.5493,0.3075,0.1333,0.0667,1.0,2
100,appi_shock,200.4099,200.4099,1144500.1573,15369.21,461589.8061,2680.4249,17465.6863,279.375,62.517,3262.7175,2534.3137,0.2811,14.8119,0.546,0.3078,0.1333,0.0667,1.0,2
101,appi_shock,195.5464,196.4017,1157700.1091,14438.2736,471885.0788,2697.9537,17448.1575,331.7612,52.5925,3284.6285,2551.8425,0.2947,13.7437,0.5554,0.307,0.1333,0.0667,1.0,2
102,appi_shock,201.5616,201.5616,1172195.7493,12606.0245,482312.3511,2710.1142,17435.997,359.836,48.4554,3299.8291,2564.003,0.2805,14.7026,0.5427,0.3051,0.1333,0.0667,1.0,2
103,appi_shock,197.2991,197.5304,1182859.5655,14085.973,492884.5797,2745.5619,17400.5494,205.6554,84.6102,3344.1386,2599.4506,0.2883,16.2254,0.5401,0.3037,0.1333,0.0667,1.0,2
104,appi_shock,199.5491,199.5491,1194670.0632,14532.0467,503563.1753,2745.5619,17400.5494,163.6782,106.3095,3344.1386,2599.4506,0.2826,17.4568,0.5277,0.3005,0.1333,0.0667,1.0,2
105,appi_shock,199.0822,199.0822,1208760.9263,12538.9415,514359.876,2805.0067,17341.1045,95.056,182.4304,3418.4447,2658.8955,0.2871,16.6023,0.5349,0.3018,0.1333,0.0667,1.0,2
106,appi_shock,201.7932,201.7932,1221833.8815,11646.7718,525297.4852,2825.4978,17320.6134,169.3962,102.2491,3444.0585,2679.3866,0.2951,17.4568,0.5326,0.3012,0.1333,0.0667,1.0,2
107,appi_shock,198.3212,198.3212,1233631.8408,11558.7267,536365.824,2829.9436,17316.1676,181.9636,95.1628,3457.0363,2683.8324,0.2946,17.4568,0.5337,0.3021,0.125,0.0938,1.0,3
108,appi_shock,201.9392,201.9392,1243160.2264,14067.0349,547552.1425,2898.7291,17247.3821,114.9855,149.9962,3562.1554,2752.6179,0.2884,17.7289,0.5333,0.3024,0.1176,0.0882,1.0,3
109,appi_shock,200.1066,200.1066,1256330.3407,12627.5749,558833.7447,2898.7291,17247.3821,196.2317,87.893,3562.1554,2752.6179,0.297,16.6023,0.5342,0.3021,0.1176,0.0882,1.0,3
110,appi_shock,199.4889,199.4889,1269869.0444,10587.5778,570247.0481,2907.8393,17238.2719,185.9434,92.7071,3573.5432,2761.7281,0.2866,17.7289,0.5204,0.2989,0.1176,0.0882,1.0,3
111,appi_shock,203.7669,203.7669,1281775.2821,10548.227,581795.7386,2907.8393,17238.2719,231.384,74.5007,3573.5432,2761.7281,0.2899,17.4568,0.5251,0.2996,0.1176,0.0882,1.0,3
112,appi_shock,203.1869,203.1869,1291139.9187,12785.3641,593463.4914,2931.2142,17214.897,193.7637,88.8448,3602.7618,2785.103,0.2863,18.9512,0.5103,0.3001,0.1176,0.0882,1.0,3
113,appi_shock,198.57,199.1231,1301786.656,13231.6759,605224.8906,2931.2142,17214.897,196.0802,87.7952,3602.7618,2785.103,0.2937,17.8682,0.5177,0.2959,0.1176,0.0882,1.0,3
114,appi_shock,202.3468,202.3468,1309682.8804,16737.4721,617092.7571,2991.3977,17154.7135,146.8918,116.7847,3677.9913,2845.2865,0.2895,18.8988,0.5022,0.2945,0.1176,0.0882,1.0,3
115,appi_shock,202.0234,202.0234,1324731.3505,12921.1329,629039.5859,3047.7717,17098.3396,208.7476,81.9092,3748.4587,2901.6604,0.2872,17.8682,0.4976,0.2924,0.1176,0.0882,1.0,3
116,appi_shock,203.0945,203.0945,1336533.3785,12366.3835,641136.8994,3047.7717,17098.3396,223.9948,76.3336,3748.4587,2901.6604,0.2878,17.8682,0.4965,0.2924,0.1176,0.0882,1.0,3
117,appi_shock,202.0917,202.0917,1347735.2427,12137.7047,653352.2332,3101.6232,17044.488,255.9176,66.6015,3815.7731,2955.512,0.2861,18.2481,0.4902,0.2922,0.1176,0.0882,1.0,3
118,appi_shock,203.221,203.221,1356697.3417,14203.6266,665679.5857,3110.6457,17035.4655,206.2316,82.6036,3827.0512,2964.5345,0.2862,18.8988,0.4935,0.2912,0.1111,0.0833,1.0,3
119,appi_shock,196.5077,199.1566,1371485.3347,9828.9947,678096.5591,3188.5634,16957.5478,196.0725,86.4861,3924.4483,3042.4522,0.2935,20.0295,0.4848,0.2905,0.1111,0.0833,1.0,3
120,appi_shock,201.9671,201.9671,1380281.6269,11694.06,690661.4124,3200.5979,16945.5133,207.5889,81.6301,3939.4915,3054.4867,0.2946,20.0295,0.4805,0.2901,0.1111,0.0833,1.0,3
121,appi_shock,195.4151,197.9277,1389465.3894,12556.6764,703314.2287,3217.1867,16928.9245,191.8896,88.2222,3960.2274,3071.0755,0.2897,20.2677,0.484,0.2892,0.1111,0.0833,1.0,3
122,appi_shock,194.4913,194.4913,1401228.5666,10386.0524,716058.8826,3217.1867,16928.9245,195.9339,86.4012,3960.2274,3071.0755,0.2879,20.4316,0.4774,0.2878,0.1111,0.0833,1.0,3
123,appi_shock,199.8064,199.8064,1411534.0309,10144.4133,728921.1682,3250.591,16895.5202,191.2068,88.3625,4001.9828,3104.4798,0.286,20.8625,0.4797,0.2859,0.1111,0.0833,1.0,3
124,appi_shock,197.3828,197.3828,1421129.6927,10282.4373,741886.5086,3266.1527,16879.9585,145.2258,116.2325,4053.611,3120.0415,0.2841,21.4441,0.4838,0.2853,0.1053,0.1053,1.0,4
125,appi_shock,191.7007,193.4352,1429053.9354,11487.0565,754947.8055,3333.498,16812.6132,139.3748,120.6288,4137.7926,3187.3868,0.288,22.8539,0.4858,0.2859,0.1053,0.1053,1.0,4
126,appi_shock,191.8218,191.8218,1439962.1443,9436.9265,768088.3448,3384.2212,16761.89,98.648,169.9161,4201.1966,3238.11,0.2802,23.8237,0.4737,0.2828,0.1053,0.1053,1.0,4
127,appi_shock,195.9639,195.9639,1448447.2743,10124.1375,781337.9663,3387.9748,16758.1364,162.9331,102.8528,4214.6971,3241.8636,0.2844,22.8539,0.4814,0.2828,0.1,0.125,1.0,5
128,appi_shock,194.939,194.939,1456843.538,10716.8552,794672.439,3470.2203,16675.8909,170.9262,97.5619,4317.5039,3324.1091,0.2863,23.8237,0.4806,0.2816,0.1,0.125,1.0,5
129,appi_shock,191.0013,191.0402,1464934.2627,11148.6626,808090.8744,3531.4743,16614.6369,160.5119,103.5103,4394.0714,3385.3631,0.2934,22.8539,0.4882,0.28,0.1,0.125,1.0,5
130,appi_shock,195.3634,195.3634,1472164.8501,12822.869,821590.217,3557.5728,16588.5384,199.067,83.3314,4426.6946,3411.4616,0.3107,22.8378,0.502,0.2794,0.1,0.125,1.0,5
131,appi_shock,192.7325,192.7325,1481973.9977,11591.3208,835161.8655,3612.7734,16533.3378,201.9327,81.8755,4495.6953,3466.6622,0.3123,22.8539,0.5012,0.2775,0.1,0.125,1.0,5
132,appi_shock,186.8993,188.8779,1489047.1984,12569.3362,848831.6055,3612.7734,16533.3378,240.5947,68.7186,4495.6953,3466.6622,0.3159,22.4533,0.4981,0.2778,0.1,0.125,1.0,5
133,appi_shock,187.4687,187.4687,1497337.99,12065.7539,862572.0775,3636.8008,16509.3104,220.984,74.7082,4525.7295,3490.6896,0.3118,22.8378,0.503,0.2754,0.1,0.125,1.0,5
134,appi_shock,188.4003,188.4003,1506850.494,10368.521,876395.4574,3669.496,16476.6153,130.6464,126.1161,4566.5985,3523.3847,0.3269,22.8378,0.52,0.2712,0.0952,0.1667,1.0,7
135,appi_shock,187.729,187.729,1515823.6232,9019.8703,890313.9623,3683.1559,16462.9553,153.6714,107.1309,4583.6734,3537.0447,0.3257,22.8378,0.5172,0.2679,0.0952,0.1667,1.0,7
136,appi_shock,183.1983,183.9745,1519862.452,12037.4588,904322.1986,3740.7656,16405.3456,199.1283,82.3858,4655.6856,3594.6544,0.3147,23.7805,0.5043,0.2673,0.0952,0.1667,1.0,7
137,appi_shock,182.4104,182.4104,1527292.5147,11535.9622,918370.8231,3740.7656,16405.3456,120.1566,136.533,4655.6856,3594.6544,0.3079,23.2522,0.5036,0.2651,0.0909,0.1818,1.0,8
138,appi_shock,187.0077,187.0077,1532623.8109,13539.1983,932493.7482,3789.9696,16356.1416,91.7714,178.227,4717.1906,3643.8584,0.2996,23.2522,0.5076,0.2669,0.0909,0.1818,1.0,8
139,appi_shock,185.9792,185.9792,1542185.5781,11151.5786,946669.9863,3828.7111,16317.4001,216.7904,75.2681,4765.6174,3682.5999,0.314,22.8378,0.5102,0.2669,0.0909,0.1818,1.0,8
140,appi_shock,183.693,183.693,1552415.4577,7751.2266,960941.8421,3828.7111,16317.4001,224.4356,72.7041,4765.6174,3682.5999,0.3131,22.8378,0.5091,0.2673,0.0909,0.1818,1.0,8
141,appi_shock,179.3839,180.0191,1558169.3878,8308.8832,975315.9967,3841.878,16304.2332,272.6833,59.7918,4782.076,3695.7668,0.3161,21.8748,0.5113,0.2658,0.0909,0.1818,1.0,8
142,appi_shock,184.0656,184.0656,1562026.2473,11158.8386,989747.6906,3871.6577,16274.4535,372.8743,43.646,4819.3007,3725.5465,0.3127,21.6173,0.5151,0.2659,0.0909,0.1818,1.0,8
143,appi_shock,184.1655,184.1655,1568740.069,11010.6417,1004217.9531,3906.6237,16239.4875,287.8257,56.4213,4863.0081,3760.5125,0.2963,22.8378,0.5007,0.2619,0.0909,0.1818,1.0,8
144,appi_shock,182.0631,182.0631,1576656.2355,9494.3291,1018755.3537,3947.6926,16198.4186,298.2926,54.3038,4914.3443,3801.5814,0.2971,21.8748,0.4988,0.2585,0.0909,0.1818,1.0,8
145,appi_shock,180.8319,180.8319,1581959.3792,10339.1793,1033371.9161,3947.6926,16198.4186,274.0065,59.1169,4914.3443,3801.5814,0.2933,21.8748,0.4964,0.258,0.0909,0.1818,1.0,8
146,appi_shock,183.0501,183.0501,1589724.7245,8939.8747,1048041.5099,3980.0803,16166.0309,306.5268,52.7394,4954.829,3833.9691,0.2947,21.6173,0.4989,0.2563,0.087,0.1739,1.0,8
147,appi_shock,177.4883,179.3891,1594083.1492,10463.9461,1062788.7571,3980.0803,16166.0309,343.0232,47.1281,4954.829,3833.9691,0.2848,21.0321,0.4959,0.2552,0.0833,0.1667,1.0,8
148,appi_shock,176.0045,176.0045,1597344.6407,12602.8575,1077579.5886,4028.1982,16117.913,416.849,38.6661,5014.9763,3882.087,0.2882,20.4497,0.4943,0.2544,0.0833,0.1667,1.0,8
149,appi_shock,182.4165,182.4165,1605572.3876,10485.6806,1092403.035,4081.3575,16064.7537,403.3586,39.8275,5081.4254,3935.2463,0.2938,22.0727,0.4861,0.2556,0.08,0.18,1.0,9
150,appi_shock,176.666,178.7681,1613411.5125,8262.2076,1107308.7589,4081.3575,16064.7537,319.4866,50.283,5081.4254,3935.2463,0.3008,22.0727,0.5002,0.2541,0.08,0.18,1.0,9
151,appi_shock,177.9141,177.9141,1617496.2331,9632.6238,1122292.874,4166.3175,15979.7937,303.6123,52.6322,5187.6254,4020.2063,0.2876,22.4533,0.4953,0.2531,0.08,0.18,1.0,9
152,appi_shock,177.1336,177.1336,1620746.6078,11717.2159,1137317.8364,4166.3175,15979.7937,252.2674,63.3447,5187.6254,4020.2063,0.2734,23.8237,0.4866,0.2533,0.08,0.18,1.0,9
153,appi_shock,178.0358,178.0358,1624890.7038,12975.2063,1152375.3024,4183.0162,15963.095,205.341,77.7394,5208.4987,4036.905,0.2785,23.4961,0.4841,0.2495,0.0769,0.1731,1.0,9
154,appi_shock,180.1361,180.1361,1630913.3419,12537.2512,1167474.2095,4210.5032,15935.608,246.9543,64.5286,5242.8575,4064.392,0.2819,22.4533,0.4952,0.2485,0.0769,0.1731,1.0,9
155,appi_shock,177.9149,177.9149,1639124.5741,9627.094,1182633.3429,4236.149,15909.9622,301.5338,52.7634,5274.9148,4090.0378,0.3033,22.4533,0.5018,0.2494,0.0769,0.1731,1.0,9
156,appi_shock,177.4338,177.4338,1644285.0176,9593.3834,1197874.5886,4265.6712,15880.4401,273.0619,58.1569,5311.8175,4119.5599,0.3098,22.8378,0.5042,0.249,0.0769,0.1731,1.0,9
157,appi_shock,177.9182,177.9182,1649555.125,9422.8744,1213167.4388,4286.1186,15859.9926,237.663,66.7331,5337.3768,4140.0074,0.3068,23.1544,0.5064,0.2497,0.0741,0.1667,1.0,9
158,appi_shock,179.4524,179.4524,1657285.6055,6983.866,1228512.9901,4313.1786,15832.9326,291.9586,54.2301,5371.2018,4167.0674,0.3118,22.8378,0.5029,0.2493,0.0741,0.1667,1.0,9
159,appi_shock,177.5452,177.5452,1659551.4205,9607.2576,1243935.8461,4313.1786,15832.9326,278.9767,56.7536,5371.2018,4167.0674,0.3209,21.7861,0.5189,0.2475,0.0714,0.1607,1.0,9
160,appi_shock,177.9616,177.9616,1663676.5983,10502.1468,1259381.3603,4370.5138,15775.5974,239.9774,65.7379,5442.8708,4224.4026,0.3272,23.1469,0.52,0.2481,0.0714,0.1607,1.0,9
161,appi_shock,182.7708,182.7708,1667884.4773,11779.1755,1274868.1263,4385.8934,15760.2178,211.07,74.6682,5462.0953,4239.7822,0.3209,23.1544,0.5122,0.2448,0.0714,0.1607,1.0,9
162,appi_shock,178.5669,179.1154,1670854.7214,13851.6118,1290396.9711,4441.9455,15704.1657,302.1987,51.9664,5532.1604,4295.8343,0.3262,23.1544,0.5122,0.2446,0.0714,0.1607,1.0,9
163,appi_shock,178.8658,178.8658,1678018.9498,11646.874,1305955.5183,4494.3359,15651.7753,208.3506,75.1223,5597.6484,4348.2247,0.3242,24.2442,0.5135,0.2436,0.0714,0.1607,1.0,9
164,appi_shock,182.2852,182.2852,1683354.7919,11605.0325,1321585.7078,4547.4164,15598.6948,155.0409,100.6102,5663.9991,4401.3052,0.33,24.2442,0.5106,0.2424,0.0714,0.1607,1.0,9
165,appi_shock,182.4393,182.4393,1690421.3741,9835.4258,1337269.2557,4547.4164,15598.6948,149.782,104.1427,5663.9991,4401.3052,0.3296,24.5103,0.513,0.2418,0.0714,0.1607,1.0,9
166,appi_shock,179.8229,179.8229,1696259.5864,8847.3372,1353023.4695,4547.4164,15598.6948,164.2341,94.9784,5663.9991,4401.3052,0.3269,24.5103,0.5171,0.2423,0.0714,0.1607,1.0,9
167,appi_shock,181.6965,181.6965,1697660.0161,12516.311,1368836.0653,4547.4164,15598.6948,309.7588,50.3576,5663.9991,4401.3052,0.3364,23.1544,0.5283,0.2424,0.0714,0.1607,1.0,9
168,appi_shock,183.5042,183.5042,1705353.5129,10053.5066,1384662.6655,4607.6577,15538.4536,371.4855,41.8279,5739.3006,4461.5464,0.3442,23.1544,0.5325,0.2432,0.0714,0.1607,1.0,9
169,appi_shock,184.5316,184.5316,1709452.495,11227.8682,1400566.2006,4607.6577,15538.4536,449.2852,34.5848,5739.3006,4461.5464,0.3317,24.2442,0.5218,0.2419,0.0714,0.1607,1.0,9
170,appi_shock,187.961,187.961,1715897.8058,10432.2711,1416510.7256,4618.1401,15527.9711,470.0307,33.0361,5752.4037,4472.0289,0.3221,25.4785,0.5093,0.2404,0.0714,0.1607,1.0,9
171,appi_shock,182.6052,184.2018,1721103.5435,10349.9825,1432519.7036,4618.1401,15527.9711,401.998,38.627,5752.4037,4472.0289,0.3329,26.4336,0.5077,0.2368,0.0714,0.1607,1.0,9
172,appi_shock,188.5797,188.5797,1728712.3588,8258.1048,1448580.7391,4718.0271,15428.0841,313.7619,49.1713,5877.2624,4571.9159,0.32,27.075,0.4975,0.2366,0.069,0.1724,1.0,10
173,appi_shock,185.472,185.472,1734311.2788,7814.6865,1464717.8626,4731.1473,15414.9639,300.2394,51.3422,5893.6627,4585.0361,0.317,27.075,0.4909,0.2364,0.0667,0.2,1.0,12
174,appi_shock,188.9386,188.9386,1739797.5627,7721.8593,1480910.9754,4811.4023,15334.7089,357.1591,42.9352,5993.9814,4665.2911,0.3199,26.4336,0.494,0.2352,0.0667,0.2,1.0,12
175,appi_shock,191.1272,191.1272,1744456.4758,8766.4978,1497158.9511,4896.6775,15249.4337,332.711,45.8339,6100.5754,4750.5663,0.3219,27.4372,0.4956,0.2334,0.0667,0.2,1.0,12
176,appi_shock,189.6614,189.6614,1750347.9986,8355.4025,1513453.5158,4953.2161,15192.8951,220.5916,68.8734,6171.2486,4807.1049,0.3119,31.3497,0.4926,0.2342,0.0667,0.2,1.0,12
177,appi_shock,188.4283,188.4283,1756047.6702,7922.6198,1529806.9958,5037.1846,15108.9267,227.0822,66.535,6276.2092,4891.0733,0.3118,27.8309,0.4875,0.2341,0.0645,0.2097,1.0,13
178,appi_shock,187.9262,187.9262,1758722.0582,10349.4101,1546217.4725,5037.1846,15108.9267,234.2085,64.5106,6276.2092,4891.0733,0.3072,31.3497,0.4778,0.2342,0.0645,0.2097,1.0,13
179,appi_shock,195.5917,195.5917,1763295.2172,11789.1936,1562654.6931,5085.4828,15060.6284,217.6729,69.1893,6345.1171,4939.3716,0.3045,32.634,0.4756,0.2338,0.0625,0.2344,1.0,15
180,appi_shock,192.2781,192.2781,1770068.3196,10608.6319,1579137.6453,5118.431,15027.6802,275.0683,54.6325,6386.3023,4972.3198,0.3062,31.3497,0.4754,0.2315,0.0625,0.2344,1.0,15
181,appi_shock,196.2806,196.2806,1773793.536,12866.3257,1595688.3284,5160.0926,14986.0186,248.2596,60.3643,6438.3793,5013.9814,0.2997,32.7361,0.4693,0.2316,0.0625,0.2344,1.0,15
182,appi_shock,191.8758,192.355,1777870.8846,14292.6269,1612276.2638,5194.3994,14951.7118,302.1157,49.49,6481.2628,5048.2882,0.3016,32.634,0.4636,0.2307,0.0606,0.2576,1.0,17
183,appi_shock,195.4517,195.4517,1783814.6211,14197.1279,1628904.9727,5227.5163,14918.5949,227.2697,65.6427,6522.6589,5081.4051,0.289,32.7832,0.4499,0.2292,0.0606,0.2576,1.0,17
184,appi_shock,194.5679,194.5679,1791408.3498,12257.5659,1645593.1189,5227.5163,14918.5949,314.0593,47.5025,6522.6589,5081.4051,0.2964,32.7832,0.4554,0.23,0.0606,0.2576,1.0,17
185,appi_shock,199.1596,199.1596,1795949.789,13822.47,1662357.2024,5284.8602,14861.251,133.5005,111.3198,6594.3388,5138.749,0.2926,34.2977,0.4531,0.2298,0.0606,0.2576,1.0,17
186,appi_shock,200.6527,200.6527,1804434.4996,11559.0293,1679166.7003,5320.2942,14825.817,163.75,90.5393,6638.6313,5174.183,0.2841,34.2977,0.4526,0.2291,0.0588,0.2647,1.0,18
187,appi_shock,198.9635,198.9635,1806606.603,15327.2645,1696061.0452,5320.2942,14825.817,243.4562,60.8973,6638.6313,5174.183,0.2865,33.8804,0.4539,0.2291,0.0588,0.2647,1.0,18
188,appi_shock,197.9865,197.9865,1813241.0621,14481.8146,1712977.1113,5357.185,14788.9262,271.4103,54.4892,6684.7448,5211.0738,0.2852,33.8804,0.4607,0.229,0.0588,0.2647,1.0,18
189,appi_shock,199.4474,199.4474,1822272.5421,11348.0405,1729959.5219,5407.8789,14738.2323,295.8257,49.8207,6748.1122,5261.7677,0.2824,34.2977,0.4475,0.2286,0.0588,0.2647,1.0,18
190,appi_shock,201.7028,201.7028,1829470.1373,10245.8891,1747032.2473,5421.8249,14724.2863,306.8347,47.9877,6765.5447,5275.7137,0.2818,34.2977,0.4524,0.226,0.0588,0.2647,1.0,18
191,appi_shock,200.989,200.989,1832339.5193,13267.5575,1764176.9487,5443.945,14702.1662,436.3888,33.6905,6793.1948,5297.8338,0.2879,33.8804,0.4531,0.2274,0.0588,0.2647,1.0,18
192,appi_shock,202.9273,202.9273,1838410.1293,13345.9418,1781350.3439,5492.7654,14653.3458,373.324,39.251,6854.2203,5346.6542,0.2924,34.2977,0.4631,0.2268,0.0588,0.2647,1.0,18
193,appi_shock,202.0657,202.0657,1845432.2701,12327.2561,1798584.4452,5492.7654,14653.3458,474.5647,30.8774,6854.2203,5346.6542,0.2976,33.8467,0.4657,0.2263,0.0588,0.2647,1.0,18
194,appi_shock,201.3331,201.3331,1851058.6837,12498.2087,1815888.7679,5545.4564,14600.6548,523.8179,27.8735,6920.084,5399.3452,0.2959,33.8467,0.4615,0.2263,0.0588,0.2647,1.0,18
195,appi_shock,200.1196,200.1196,1856948.1287,12236.1248,1833249.3547,5616.4812,14529.6301,399.1159,36.4045,7008.865,5470.3699,0.2888,34.8842,0.4568,0.2265,0.0571,0.2714,1.0,19
196,appi_shock,201.9914,201.9914,1859479.5233,15514.2549,1850668.836,5616.4812,14529.6301,369.158,39.3588,7008.865,5470.3699,0.2841,35.5114,0.4454,0.2254,0.0571,0.2714,1.0,19
197,appi_shock,200.2907,200.2907,1866065.81,14454.0339,1868113.6312,5626.3226,14519.7886,373.6148,38.863,7021.1668,5480.2114,0.291,35.2238,0.4549,0.2241,0.0571,0.2714,1.0,19
198,appi_shock,204.8987,204.8987,1873128.6142,13443.9245,1885624.2893,5668.6123,14477.4989,387.194,37.3908,7074.029,5522.5011,0.2945,32.7832,0.4645,0.2238,0.0571,0.2714,1.0,19
199,appi_shock,202.3552,202.3552,1877843.7835,14401.9532,1903205.5755,5687.1796,14458.9316,390.5271,37.0241,7097.238,5541.0684,0.2992,33.8467,0.4639,0.2241,0.0571,0.2714,1.0,19
200,appi_shock,199.0039,199.0039,1885814.1075,11638.0649,1920834.0133,5687.1796,14458.9316,366.7759,39.4217,7097.238,5541.0684,0.2994,33.8467,0.473,0.2226,0.0556,0.2639,1.0,19
201,appi_shock,197.3763,197.3763,1887897.6541,14474.5453,1938542.1544,5703.3968,14442.7145,256.8729,56.2251,7117.5095,5557.2855,0.3055,35.5114,0.4646,0.2225,0.0541,0.2838,1.0,21
202,appi_shock,203.2043,203.2043,1897128.677,10883.0382,1956271.1309,5743.8591,14402.2521,323.5911,44.5076,7168.0874,5597.7479,0.2827,33.8804,0.4533,0.2198,0.0541,0.2838,1.0,21
203,appi_shock,200.8765,200.8765,1902586.504,10652.6879,1974092.4177,5743.8591,14402.2521,297.6058,48.3937,7168.0874,5597.7479,0.2757,35.2238,0.4478,0.2179,0.0526,0.2763,1.0,21
204,appi_shock,197.8938,197.8938,1905508.9162,12525.2554,1991968.2827,5743.8591,14402.2521,401.8967,35.8357,7168.0874,5597.7479,0.2771,33.8804,0.4466,0.2181,0.0526,0.2763,1.0,21
205,appi_shock,201.2905,201.2905,1915423.7651,7815.5343,2009873.3719,5844.2235,14301.8877,287.7794,49.6974,7293.543,5698.1123,0.2715,35.2238,0.4377,0.2164,0.0526,0.2763,1.0,21
206,appi_shock,199.8428,199.8428,1915992.1382,12198.0376,2027877.6096,5907.9977,14238.1135,316.8673,44.934,7373.2607,5761.8865,0.2762,35.2238,0.4441,0.2152,0.0513,0.2821,1.0,22
207,appi_shock,197.6762,197.6762,1922167.7735,10712.8046,2045887.5309,5938.5505,14207.5607,235.5381,60.3196,7411.4517,5792.4393,0.2736,38.8865,0.4457,0.214,0.0513,0.2821,1.0,22
208,appi_shock,200.3066,200.3066,1925840.6402,11975.4388,2063959.2087,5938.5505,14207.5607,342.0166,41.5406,7411.4517,5792.4393,0.2702,38.783,0.4435,0.2138,0.0513,0.2821,1.0,22
209,appi_shock,201.4738,201.4738,1928587.4943,14254.4869,2082067.6151,5961.016,14185.0952,374.7661,37.8505,7439.5336,5814.9048,0.2704,35.2238,0.446,0.212,0.0513,0.2821,1.0,22
210,appi_shock,195.1103,197.4443,1936235.0891,11124.742,2100203.49,5986.9677,14159.1435,360.5931,39.2663,7471.9732,5840.8565,0.2741,38.783,0.457,0.2104,0.0513,0.2821,1.0,22
211,appi_shock,193.53,193.53,1936491.019,14850.5282,2118415.8409,5986.9677,14159.1435,442.5805,31.9922,7471.9732,5840.8565,0.2739,38.783,0.4564,0.2097,0.0513,0.2821,1.0,22
212,appi_shock,196.6907,196.6907,1942973.2719,12747.5446,2136630.7511,6025.6536,14120.4576,434.9375,32.4655,7520.3306,5879.5424,0.2676,39.522,0.4421,0.209,0.0513,0.2821,1.0,22
213,appi_shock,195.0461,195.0461,1949436.7062,10354.1377,2154910.4838,6065.3884,14080.7228,397.2955,35.4414,7569.9991,5919.2772,0.2665,40.1353,0.4391,0.2094,0.0513,0.2821,1.0,22
214,appi_shock,192.0874,192.0874,1951099.726,12375.3536,2173254.8509,6177.1994,13968.9118,296.5601,47.1031,7709.7628,6031.0882,0.2617,40.3314,0.4455,0.2109,0.05,0.3,1.0,24
215,appi_shock,193.1024,193.1024,1955535.4215,11785.4329,2191615.8481,6229.1277,13916.9835,373.2014,37.2908,7784.3677,6083.0165,0.265,39.744,0.4547,0.2113,0.0488,0.3049,1.0,25
216,appi_shock,195.9837,195.9837,1963198.0867,8198.6045,2210021.2024,6253.9976,13892.1136,362.1869,38.3562,7815.4551,6107.8864,0.2655,39.522,0.4629,0.2117,0.0488,0.3049,1.0,25
217,appi_shock,194.0136,194.0136,1962197.4726,13028.8007,2228503.1832,6299.5413,13846.5699,373.5181,37.0707,7872.3846,6153.4301,0.2641,39.744,0.4606,0.2109,0.0488,0.3049,1.0,25
218,appi_shock,193.2466,193.2466,1966936.8214,12010.2747,2246975.1579,6306.2013,13839.9099,244.2216,56.6695,7902.9446,6160.0901,0.2706,39.1621,0.4694,0.208,0.0476,0.3095,1.0,26
219,appi_shock,190.7577,190.7577,1971502.0754,10735.7731,2265494.5262,6306.2013,13839.9099,331.6416,41.7315,7902.9446,6160.0901,0.27,39.1621,0.4742,0.2083,0.0476,0.3095,1.0,26
220,appi_shock,193.5329,193.5329,1973391.2869,12537.8279,2284059.5469,6314.1777,13831.9335,414.9925,33.3306,7931.0006,6168.0665,0.2761,34.9652,0.482,0.2093,0.0465,0.3256,1.0,28
221,appi_shock,192.7091,192.7091,1978698.2228,10795.6332,2302643.4598,6373.6586,13772.4526,391.9645,35.137,8005.3517,6227.5474,0.276,34.9652,0.4806,0.208,0.0465,0.3256,1.0,28
222,appi_shock,186.8597,188.855,1981907.0351,10640.0156,2321280.442,6403.6614,13742.4498,400.9264,34.2767,8042.8551,6257.5502,0.2814,34.9652,0.4828,0.2041,0.0465,0.3256,1.0,28
223,appi_shock,188.5081,188.5081,1984543.6499,10954.7846,2339949.5124,6472.5608,13673.5504,262.5578,52.0782,8128.9794,6326.4496,0.2779,39.9703,0.4706,0.2032,0.0465,0.3256,1.0,28
224,appi_shock,184.9079,184.9079,1983823.7993,14179.6402,2358644.9489,6523.7379,13622.3733,247.4337,55.0546,8192.9507,6377.6267,0.2823,38.972,0.4862,0.2032,0.0465,0.3256,1.0,28
225,appi_shock,184.3798,184.3798,1990487.8042,9995.2363,2377333.1869,6523.7379,13622.3733,438.9485,31.0341,8192.9507,6377.6267,0.2872,34.0494,0.4926,0.2037,0.0465,0.3256,1.0,28
226,appi_shock,182.1564,182.1564,1991883.7163,10792.4339,2396088.0649,6523.7379,13622.3733,491.1645,27.7349,8192.9507,6377.6267,0.2853,37.9646,0.4843,0.2031,0.0465,0.3256,1.0,28
227,appi_shock,186.0034,186.0034,1993389.6869,11832.9221,2414856.9021,6532.6335,13613.4777,478.4029,28.4561,8204.0703,6386.5223,0.2861,39.9703,0.4857,0.2003,0.0465,0.3256,1.0,28
228,appi_shock,180.8275,182.2833,1993118.0519,14283.2378,2433640.7989,6583.2981,13562.8131,263.7304,51.4268,8283.0321,6437.1869,0.2837,40.211,0.4861,0.1997,0.0444,0.3556,1.0,32
229,appi_shock,185.5934,185.5934,1999339.49,10531.9613,2452421.9794,6619.5735,13526.5377,224.4978,60.2524,8328.3763,6473.4623,0.2788,41.7024,0.4741,0.1989,0.0426,0.3617,1.0,34
230,appi_shock,186.2086,186.2086,1998118.455,14296.1188,2471265.3743,6664.1094,13482.0018,182.5983,73.8342,8384.0462,6517.9982,0.2727,42.552,0.4705,0.1979,0.0417,0.375,1.0,36
231,appi_shock,181.4347,182.4844,2000016.1596,14522.399,2490096.5589,6664.1094,13482.0018,324.0106,41.6098,8384.0462,6517.9982,0.2721,41.7024,0.4781,0.1979,0.0417,0.375,1.0,36
232,appi_shock,182.0582,182.0582,2005933.6364,10598.0854,2508946.7205,6690.2497,13455.8615,451.1361,29.8266,8438.1897,6544.1385,0.2755,40.0549,0.4871,0.1976,0.0408,0.3878,1.0,38
233,appi_shock,177.5427,178.417,2007885.5943,10244.9266,2527856.0569,6690.2497,13455.8615,433.3961,31.0475,8438.1897,6544.1385,0.2744,38.7236,0.4847,0.1977,0.0408,0.3878,1.0,38
234,appi_shock,179.2154,179.2154,2008636.431,11136.4963,2546784.9128,6714.6795,13431.4317,424.0619,31.6733,8468.7269,6568.5683,0.2727,38.7236,0.476,0.1968,0.0408,0.3878,1.0,38
235,appi_shock,177.3352,177.3352,2011046.6485,10144.726,2565721.2771,6753.9149,13392.1963,552.0045,24.261,8517.7712,6607.8037,0.2788,36.6343,0.4738,0.1971,0.04,0.4,1.0,40
236,appi_shock,176.8315,176.8315,2012452.3176,10093.6744,2584681.7436,6785.2729,13360.8383,498.1176,26.8227,8556.9687,6639.1617,0.2807,38.7236,0.4789,0.195,0.04,0.4,1.0,40
237,appi_shock,178.0205,178.0205,2014361.569,9601.7668,2603656.2668,6816.0836,13330.0276,426.5074,31.2539,8595.482,6669.9724,0.2758,35.9554,0.4865,0.1974,0.04,0.4,1.0,40
238,appi_shock,176.371,176.371,2013872.2817,11321.3729,2622649.8825,6865.7444,13280.3668,287.5615,46.1827,8657.558,6719.6332,0.2682,39.5424,0.4848,0.1982,0.0392,0.4118,1.0,42
239,appi_shock,175.542,175.542,2012927.8327,13386.0334,2641638.6053,6916.2,13229.9112,328.7396,40.2444,8720.6275,6770.0888,0.2673,38.1796,0.4889,0.1969,0.0392,0.4118,1.0,42
240,appi_shock,182.4057,182.4057,2012383.4752,15825.7502,2660617.8836,6975.3164,13170.7948,273.3418,48.1843,8794.523,6829.2052,0.2702,39.5424,0.4961,0.1977,0.0392,0.4118,1.0,42
241,appi_shock,181.4206,181.4206,2017786.3365,12312.4259,2679591.7184,7050.9216,13095.1896,336.8503,38.8754,8896.5375,6904.8104,0.2745,38.2109,0.4938,0.1948,0.0385,0.4135,1.0,43
242,appi_shock,180.4723,180.4723,2018633.1075,13192.1035,2698619.5817,7093.1739,13052.9373,282.0605,46.2771,8949.3529,6947.0627,0.2807,38.1796,0.499,0.1937,0.0385,0.4135,1.0,43
243,appi_shock,179.2085,179.2085,2020239.9875,13122.3121,2717655.9128,7108.1982,13037.9131,393.3487,33.1459,8974.3933,6962.0869,0.2812,36.6343,0.5047,0.1935,0.0377,0.4151,1.0,44
244,appi_shock,178.6117,178.6117,2024806.7549,10029.9907,2736708.3127,7108.1982,13037.9131,224.0275,58.1978,8974.3933,6962.0869,0.2772,38.2109,0.495,0.1906,0.037,0.4167,1.0,45
245,appi_shock,176.3332,176.3332,2025533.335,10436.7497,2755806.3802,7136.6407,13009.4705,254.7911,51.0594,9009.9466,6990.5295,0.2848,38.1796,0.5059,0.1908,0.0364,0.4273,1.0,47
246,appi_shock,182.7131,182.7131,2028302.1943,9574.5655,2774911.7136,7184.9645,12961.1467,293.9557,44.0922,9070.3513,7038.8533,0.2826,39.7509,0.4969,0.1884,0.0357,0.4286,1.0,48
247,appi_shock,176.4845,179.0589,2030695.5617,8622.262,2794044.7355,7184.9645,12961.1467,233.6688,55.468,9070.3513,7038.8533,0.2716,42.7645,0.4902,0.1872,0.0357,0.4286,1.0,48
248,appi_shock,181.9395,181.9395,2029802.5916,11242.2396,2813201.6911,7184.9645,12961.1467,300.2594,43.1665,9070.3513,7038.8533,0.2753,42.7645,0.49,0.1876,0.0357,0.4286,1.0,48
249,appi_shock,177.2118,178.3007,2030832.9982,11484.9608,2832349.717,7219.6479,12926.4633,238.7501,54.1422,9113.7056,7073.5367,0.2658,44.6267,0.4749,0.1859,0.0357,0.4286,1.0,48
250,appi_shock,176.6922,176.6922,2029014.286,14399.002,2851508.047,7247.085,12899.0262,340.7189,37.8583,9148.0019,7100.9738,0.2669,44.6267,0.478,0.1868,0.0357,0.4286,1.0,48
251,appi_shock,177.9702,177.9702,2032172.3134,12448.6132,2870648.1899,7276.5907,12869.5206,352.3986,36.5198,9184.884,7130.4794,0.2657,45.0953,0.4734,0.1865,0.0357,0.4286,1.0,48
252,appi_shock,178.8059,178.8059,2035439.65,10527.9425,2889819.913,7295.3562,12850.755,461.4982,27.8457,9208.341,7149.245,0.2685,44.6267,0.479,0.1866,0.0357,0.4286,1.0,48
253,appi_shock,181.5386,181.5386,2036250.8482,11354.972,2909024.3095,7317.5223,12828.5889,390.1106,32.8845,9236.0485,7171.4111,0.2682,44.6267,0.4855,0.1874,0.0357,0.4286,1.0,48
254,appi_shock,180.1485,180.1485,2038785.929,10266.657,2928236.818,7455.6255,12690.4857,339.8241,37.3443,9408.6775,7309.5143,0.2703,43.1463,0.4896,0.1873,0.0357,0.4286,1.0,48
255,appi_shock,184.2537,184.2537,2041966.0963,8984.7282,2947474.6773,7476.1265,12669.9847,432.4496,29.2982,9434.3038,7330.0153,0.2722,42.7645,0.4975,0.1883,0.0357,0.4286,1.0,48
256,appi_shock,184.2229,184.2229,2042360.6983,10490.301,2966744.3383,7518.5136,12627.5977,484.8065,26.0467,9487.2876,7372.4023,0.2737,39.7509,0.4919,0.1884,0.0357,0.4286,1.0,48
257,appi_shock,180.8849,180.8849,2044666.3633,9653.8741,2986017.9452,7541.7656,12604.3456,439.3434,28.6891,9516.3527,7395.6544,0.2675,43.1463,0.4867,0.1899,0.0357,0.4286,1.0,48
258,appi_shock,188.9454,188.9454,2044882.4464,11776.5771,3005314.6089,7584.2942,12561.817,586.8674,21.4049,9569.5134,7438.183,0.2702,42.7645,0.4872,0.1892,0.0357,0.4286,1.0,48
259,appi_shock,183.6687,185.1665,2045114.7885,13539.5592,3024613.4333,7596.9712,12549.14,612.7101,20.4814,9585.3596,7450.86,0.2783,40.4464,0.4874,0.1868,0.0357,0.4286,1.0,48
260,appi_shock,183.2935,183.2935,2049366.3812,11043.5133,3043914.5812,7748.527,12397.5842,487.2126,25.4459,9774.8044,7602.4158,0.2685,43.1463,0.4697,0.1857,0.0357,0.4286,1.0,48
261,appi_shock,189.9868,189.9868,2051834.8877,10929.273,3063258.245,7748.527,12397.5842,574.3969,21.5837,9774.8044,7602.4158,0.2673,44.3905,0.4675,0.1858,0.0357,0.4286,1.0,48
262,appi_shock,189.0783,189.0783,2054548.6553,10552.7871,3082626.5939,7776.5028,12369.6084,373.9108,33.0817,9822.0479,7630.3916,0.2602,44.3905,0.4579,0.184,0.0431,0.431,1.0,50
263,appi_shock,188.4237,188.4237,2054701.0511,12618.4986,3102022.0805,7820.6083,12325.5029,390.9785,31.5248,9877.1798,7674.4971,0.2617,44.3905,0.4566,0.1839,0.0431,0.431,1.0,50
264,appi_shock,189.3803,189.3803,2060950.9607,8700.0188,3121419.091,7903.2518,12242.8594,368.9231,33.1854,9980.4841,7757.1406,0.2568,45.0953,0.4575,0.1828,0.0431,0.431,1.0,50
265,appi_shock,190.2902,190.2902,2059477.3947,12538.0398,3140878.6006,7933.9532,12212.1581,357.7439,34.1366,10018.8609,7787.8419,0.2548,49.161,0.4565,0.1822,0.0431,0.431,1.0,50
266,appi_shock,187.9195,187.9195,2064506.3418,9621.4668,3160323.3745,7933.9532,12212.1581,354.0544,34.4923,10018.8609,7787.8419,0.2519,52.6295,0.448,0.1821,0.0431,0.431,1.0,50
267,appi_shock,194.0333,194.0333,2065168.0696,11749.1537,3179818.4379,8000.5693,12145.5419,367.6296,33.0374,10102.1311,7854.4581,0.2541,48.2124,0.4561,0.1821,0.0431,0.431,1.0,50
268,appi_shock,193.781,193.781,2069817.0246,9855.4311,3199320.1186,8031.4621,12114.6491,430.6282,28.1325,10140.747,7885.3509,0.2566,46.6303,0.4606,0.1818,0.0431,0.431,1.0,50
269,appi_shock,191.6085,191.6085,2069927.7231,12107.5093,3218868.2889,8066.0805,12080.0307,473.9249,25.4893,10190.9957,7919.9693,0.2563,48.2124,0.452,0.1821,0.0424,0.4407,1.0,52
270,appi_shock,194.8636,194.8636,2073712.6525,11054.1484,3238417.5661,8173.6821,11972.4291,545.1037,21.9636,10325.4978,8027.5709,0.2553,48.2124,0.447,0.1817,0.0424,0.4407,1.0,52
271,appi_shock,192.3721,192.3721,2078584.2022,8677.6405,3258004.6926,8271.4391,11874.6721,451.0203,26.3285,10447.694,8125.3279,0.2556,51.1714,0.4505,0.1798,0.0424,0.4407,1.0,52
272,appi_shock,199.5371,199.5371,2080092.6293,10480.1397,3277640.5347,8303.9355,11842.1757,527.6883,22.4416,10488.3145,8157.8243,0.2634,51.9032,0.4499,0.1793,0.0424,0.4407,1.0,52
273,appi_shock,194.4963,195.5464,2080659.8451,12749.8304,3297291.461,8339.3108,11806.8004,481.9292,24.499,10532.5336,8193.1996,0.2658,51.9032,0.4616,0.1805,0.0424,0.4407,1.0,52
274,appi_shock,193.9886,193.9886,2082976.1324,13045.8529,3316948.0594,8339.3108,11806.8004,499.348,23.6444,10532.5336,8193.1996,0.265,53.6477,0.4538,0.1801,0.0424,0.4407,1.0,52
275,appi_shock,197.0661,197.0661,2084064.0689,14907.5555,3336627.8207,8339.3108,11806.8004,638.3313,18.4964,10532.5336,8193.1996,0.2603,53.6477,0.4507,0.179,0.0417,0.45,1.0,54
276,appi_shock,197.0936,197.0936,2086682.8683,15140.9999,3356318.4614,8339.3108,11806.8004,449.7075,26.2544,10532.5336,8193.1996,0.2543,54.1238,0.4394,0.1788,0.041,0.459,1.0,56
277,appi_shock,200.5237,200.5237,2094594.1189,10573.144,3376035.2901,8469.4381,11676.6731,381.4779,30.609,10695.1927,8323.3269,0.2486,56.9842,0.4274,0.1759,0.041,0.459,1.0,56
278,appi_shock,200.8413,200.8413,2095741.261,12633.5626,3395831.2313,8496.0017,11650.1095,421.5996,27.6331,10728.3972,8349.8905,0.2536,55.49,0.4271,0.1761,0.041,0.459,1.0,56
279,appi_shock,198.5901,198.5901,2099401.7343,11964.4153,3415638.6439,8570.596,11575.5152,527.1837,21.9573,10821.6401,8424.4848,0.2572,55.49,0.435,0.176,0.041,0.459,1.0,56
280,appi_shock,201.6387,201.6387,2101858.9121,12851.6759,3435482.6612,8570.596,11575.5152,478.3461,24.199,10821.6401,8424.4848,0.2542,56.9842,0.4365,0.1774,0.041,0.459,1.0,56
281,appi_shock,201.4905,201.4905,2103837.2691,14089.7905,3455351.2504,8601.8928,11544.2184,410.4203,28.1278,10860.7611,8455.7816,0.2492,58.9423,0.4268,0.176,0.041,0.459,1.0,56
282,appi_shock,200.2812,200.2812,2108024.3742,13046.6458,3475239.6231,8635.7598,11510.3514,337.6024,34.0944,10903.0949,8489.6486,0.2461,58.9423,0.4256,0.1752,0.0403,0.4677,1.0,58
283,appi_shock,201.6765,201.6765,2112426.4853,11879.7317,3495169.8668,8635.7598,11510.3514,406.7221,28.3003,10903.0949,8489.6486,0.2475,58.9423,0.431,0.1758,0.0403,0.4677,1.0,58
284,appi_shock,202.5569,202.5569,2111443.0706,16164.9143,3515144.1317,8685.381,11460.7302,384.6423,29.7958,10965.1214,8539.2698,0.2441,58.9423,0.4321,0.1749,0.0403,0.4677,1.0,58
285,appi_shock,198.7903,198.7903,2116294.6394,14209.8037,3535108.5624,8707.269,11438.8422,356.6652,32.0717,10992.4813,8561.1578,0.2539,52.349,0.4439,0.1768,0.0403,0.4677,1.0,58
286,appi_shock,205.1394,205.1394,2125104.132,8954.0138,3555121.5088,8707.269,11438.8422,564.6669,20.2577,10992.4813,8561.1578,0.2597,48.2926,0.4558,0.1772,0.0403,0.4677,1.0,58
287,appi_shock,198.8107,201.0366,2127734.3411,9275.6758,3575222.5501,8717.154,11428.9572,498.0401,22.9479,11004.8376,8571.0428,0.2648,52.2603,0.4591,0.1777,0.0403,0.4677,1.0,58
288,appi_shock,198.6952,198.6952,2126008.6973,13596.0414,3595349.8935,8762.6868,11383.4244,553.0739,20.5821,11061.7536,8616.5756,0.2609,53.3438,0.4542,0.1772,0.0403,0.4677,1.0,58
289,appi_shock,203.4364,203.4364,2131571.676,11318.1675,3615459.9805,8785.4348,11360.6764,571.0959,19.8928,11090.1886,8639.3236,0.2624,53.3438,0.4565,0.1771,0.0403,0.4677,1.0,58
290,appi_shock,203.846,203.846,2132914.4289,13207.7343,3635625.6972,8806.579,11339.5322,422.4836,26.8402,11116.6188,8660.4678,0.2604,58.2939,0.4541,0.1763,0.0397,0.4762,1.0,60
291,appi_shock,197.4831,199.7691,2137231.4518,11649.7303,3655804.8415,8870.3341,11275.7771,352.3912,31.9979,11196.3128,8724.2229,0.2557,58.8621,0.4492,0.175,0.0397,0.4762,1.0,60
292,appi_shock,197.3502,197.3502,2141014.5412,10301.8086,3676027.156,8870.3341,11275.7771,374.7338,30.0901,11196.3128,8724.2229,0.255,58.9423,0.4442,0.1746,0.0397,0.4762,1.0,60
293,appi_shock,197.9651,197.9651,2142689.7971,11079.1983,3696287.3014,8870.3341,11275.7771,385.923,29.2177,11196.3128,8724.2229,0.2613,58.9423,0.4482,0.1739,0.0397,0.4762,1.0,60
294,appi_shock,201.5385,201.5385,2147358.2526,9230.2344,3716564.1994,8933.4872,11212.624,511.2574,21.9315,11275.2542,8787.376,0.2626,58.9423,0.4453,0.1746,0.0397,0.4762,1.0,60
295,appi_shock,200.1329,200.1329,2146210.8722,13023.2174,3736887.7819,9027.2506,11118.8606,520.0091,21.382,11405.7562,8881.1394,0.2718,58.8621,0.4592,0.1766,0.0391,0.4844,1.0,62
296,appi_shock,195.2563,196.1302,2147560.0161,13845.6198,3757199.8907,9064.1254,11081.9858,514.5886,21.5356,11451.8497,8918.0142,0.2698,60.4501,0.4505,0.1762,0.0391,0.4844,1.0,62
297,appi_shock,200.2548,200.2548,2151360.1535,12749.1877,3777525.4908,9092.3535,11053.7578,522.4154,21.1589,11487.1347,8946.2422,0.2701,60.4501,0.4534,0.1769,0.0391,0.4844,1.0,62
298,appi_shock,198.3179,198.3179,2153132.2768,13305.7028,3797889.0923,9176.765,10969.3462,417.5709,26.2694,11592.6492,9030.6538,0.2616,61.0253,0.4436,0.1745,0.0385,0.4923,1.0,64
299,appi_shock,197.8282,197.8282,2156110.6304,12680.9166,3818270.4151,9206.6015,10939.5097,417.7903,26.1842,11629.9449,9060.4903,0.2629,59.0092,0.4469,0.1745,0.0385,0.4923,1.0,64
300,appi_shock,193.9511,193.9511,2162302.2989,8198.5471,3838681.5214,9279.9281,10866.1831,526.1806,20.6511,11721.6031,9133.8169,0.2644,60.4501,0.4493,0.1744,0.0385,0.4923,1.0,64
301,appi_shock,195.6006,195.6006,2162676.4578,9774.585,3859154.5444,9331.0369,10815.0743,544.9192,19.8471,11785.489,9184.9257,0.2627,60.4863,0.4387,0.174,0.0385,0.4923,1.0,64
302,appi_shock,193.0232,193.0232,2163052.6855,11043.766,3879631.309,9376.8303,10769.281,493.3397,21.8293,11842.7308,9230.719,0.2598,60.6381,0.4343,0.1752,0.0385,0.4923,1.0,64
303,appi_shock,195.962,195.962,2164551.5123,11513.4976,3900111.8358,9466.0003,10680.1109,513.5992,20.7946,11954.1933,9319.8891,0.2604,61.0253,0.4337,0.1742,0.0385,0.4923,1.0,64
304,appi_shock,193.6358,193.6358,2166723.4198,11057.3312,3920607.351,9555.9539,10590.1573,465.9146,22.7298,12066.6353,9409.8427,0.2578,62.826,0.4272,0.172,0.0385,0.4923,1.0,64
305,appi_shock,190.3066,190.3066,2168348.8205,10719.4228,3941124.5852,9570.0762,10576.035,378.4559,27.9452,12084.2882,9423.965,0.2561,62.826,0.42,0.1693,0.0385,0.4923,1.0,64
306,appi_shock,191.718,191.718,2170157.7318,10343.5086,3961658.0734,9622.601,10523.5102,390.9589,26.9172,12149.9442,9476.4898,0.2539,62.9579,0.4219,0.1691,0.0379,0.5,1.0,66
307,appi_shock,190.3831,190.3831,2168835.9135,12970.3545,3982209.6507,9656.2295,10489.8818,343.29,30.5569,12191.9797,9510.1182,0.2518,64.1153,0.4149,0.1675,0.0379,0.5,1.0,66
308,appi_shock,190.0933,190.0933,2168096.3452,15032.2975,4002748.0098,9746.548,10399.5632,379.7852,27.3828,12304.8779,9600.4368,0.256,62.9579,0.426,0.167,0.0379,0.5,1.0,66
309,appi_shock,187.1256,187.1256,2168619.2936,15465.0565,4023278.9733,9792.0402,10354.0711,370.5322,27.9438,12361.7431,9645.9289,0.2571,62.826,0.4246,0.1672,0.0379,0.5,1.0,66
310,appi_shock,187.4592,187.4592,2173011.5718,12016.7143,4043815.1662,9844.8719,10301.2393,416.4159,24.7379,12427.7828,9698.7607,0.2622,62.826,0.4266,0.1669,0.0379,0.5,1.0,66
311,appi_shock,186.0006,186.0006,2168396.9368,17363.6492,4064395.2819,9887.0187,10259.0925,427.0665,24.0222,12502.7783,9740.9075,0.2639,62.4958,0.432,0.1677,0.0373,0.5075,1.0,68
312,appi_shock,188.6067,188.6067,2176713.8512,10140.2264,4084929.2513,9904.1427,10241.9686,520.1068,19.692,12524.1833,9758.0314,0.2614,62.826,0.4362,0.1674,0.0373,0.5075,1.0,68
313,appi_shock,189.2623,189.2623,2175883.8912,12073.5678,4105546.3898,9940.4588,10205.6524,470.0313,21.7127,12569.5784,9794.3476,0.2548,63.3289,0.4201,0.1669,0.0373,0.5075,1.0,68
314,appi_shock,187.5787,187.5787,2178136.71,10709.9176,4126155.2287,9957.9882,10188.123,558.8142,18.2317,12591.4903,9811.877,0.2591,62.4958,0.4272,0.1675,0.0373,0.5075,1.0,68
315,appi_shock,187.6197,187.6197,2179805.9023,9946.1456,4146786.5958,9957.9882,10188.123,523.0527,19.4782,12591.4903,9811.877,0.2572,63.3289,0.4318,0.1658,0.0373,0.5075,1.0,68
316,appi_shock,186.8781,186.8781,2182177.3422,8417.6323,4167434.6548,10063.6319,10082.4793,462.972,21.7777,12723.5449,9917.5207,0.2548,69.1141,0.4248,0.1646,0.0368,0.5,1.0,68
317,appi_shock,180.1549,183.1406,2181348.6017,9585.3355,4188106.4283,10063.6319,10082.4793,516.4139,19.524,12723.5449,9917.5207,0.2551,61.939,0.4329,0.163,0.0362,0.5072,1.0,70
318,appi_shock,182.7926,182.7926,2179328.4075,11911.9947,4208769.9143,10116.8427,10029.2685,517.4671,19.3815,12790.0583,9970.7315,0.2522,62.8451,0.4347,0.1613,0.0362,0.5072,1.0,70
319,appi_shock,182.713,182.713,2179504.4973,12070.6412,4229413.1984,10180.9216,9965.1896,597.1853,16.6869,12870.157,10034.8104,0.2597,61.939,0.4442,0.1613,0.0362,0.5072,1.0,70
320,appi_shock,181.3867,181.3867,2181569.1315,10187.7669,4250058.2433,10198.1476,9947.9636,554.4676,17.9415,12891.6895,10052.0364,0.2589,69.6757,0.4442,0.1614,0.0362,0.5072,1.0,70
321,appi_shock,179.2116,179.2116,2179306.9511,12257.3743,4270723.9346,10258.967,9887.1443,657.7438,15.0319,12967.7137,10112.8557,0.2588,69.6757,0.446,0.1601,0.0357,0.5143,1.0,72
322,appi_shock,181.4256,181.4256,2181548.165,10144.2205,4291367.0042,10286.1472,9859.964,615.0232,16.0319,13001.689,10140.036,0.2506,72.2046,0.4381,0.1589,0.0357,0.5143,1.0,72
323,appi_shock,176.2307,177.7971,2182857.146,8575.5903,4312032.4858,10467.3572,9678.7541,464.2459,20.8483,13228.2014,10321.2459,0.244,73.0404,0.4237,0.1576,0.0357,0.5143,1.0,72
324,appi_shock,181.792,181.792,2180375.7872,11210.7638,4332711.0573,10467.3572,9678.7541,518.1524,18.6794,13228.2014,10321.2459,0.2407,74.9749,0.4189,0.1559,0.0357,0.5143,1.0,72
325,appi_shock,176.1916,178.1562,2181882.7595,9488.4656,4353364.8151,10506.0926,9640.0187,359.6979,26.8003,13276.6207,10359.9813,0.2461,77.5768,0.4208,0.1559,0.0357,0.5143,1.0,72
326,appi_shock,175.6464,175.6464,2179943.284,10958.4524,4374033.6427,10526.0889,9620.0223,462.7338,20.7895,13309.9479,10379.9777,0.2464,78.3677,0.4156,0.1569,0.0352,0.5141,1.0,73
327,appi_shock,179.1445,179.1445,2177085.2821,13726.039,4394683.0756,10546.6457,9599.4656,453.2329,21.18,13335.6439,10400.5344,0.248,75.6611,0.4234,0.1567,0.0352,0.5141,1.0,73
328,appi_shock,181.5315,181.5315,2180010.1412,10989.7928,4415303.9284,10559.269,9586.8423,409.0686,23.4358,13351.423,10413.1577,0.2468,77.5768,0.4176,0.1553,0.0352,0.5141,1.0,73
329,appi_shock,180.6245,180.6245,2179695.5651,11377.2761,4435954.0298,10598.3156,9547.7957,289.0729,33.029,13400.2312,10452.2043,0.2444,78.3677,0.4108,0.1551,0.0347,0.5208,1.0,75
330,appi_shock,180.3809,180.3809,2178520.8392,12633.349,4456600.9855,10667.3425,9478.7688,313.4448,30.2406,13486.5148,10521.2312,0.2472,78.3677,0.4199,0.155,0.0347,0.5208,1.0,75
331,appi_shock,178.461,178.461,2179381.8626,11660.1373,4477236.1938,10676.0828,9470.0284,470.602,20.1232,13502.0159,10529.9716,0.2497,78.3677,0.4248,0.1545,0.0342,0.5274,1.0,77
332,appi_shock,181.2096,181.2096,2180227.6124,11009.6679,4497880.0125,10676.0828,9470.0284,456.2959,20.7541,13502.0159,10529.9716,0.2545,77.5515,0.4293,0.1528,0.0338,0.5338,1.0,79
333,appi_shock,176.1264,177.5854,2179396.4418,11610.8793,4518532.2886,10694.4599,9451.6513,466.4277,20.2639,13524.9873,10548.3487,0.2514,77.5515,0.4269,0.1533,0.0338,0.5338,1.0,79
334,appi_shock,181.3316,181.3316,2178710.1074,12439.724,4539176.253,10714.9394,9431.1718,308.7907,30.5423,13550.5866,10568.8282,0.2484,78.3677,0.4079,0.154,0.0338,0.5338,1.0,79
335,appi_shock,176.8295,177.7049,2178417.1951,12499.9145,4559813.3541,10734.1837,9411.9275,282.5856,33.3065,13574.642,10588.0725,0.2458,82.9564,0.4059,0.1537,0.0333,0.54,1.0,81
336,appi_shock,177.2969,177.2969,2179799.0847,10853.1484,4580447.526,10759.5341,9386.5772,333.0796,28.1812,13606.33,10613.4228,0.245,83.0365,0.4079,0.1534,0.0333,0.54,1.0,81
337,appi_shock,183.0983,183.0983,2179474.3355,11586.2071,4601095.5169,10773.1342,9372.977,259.101,36.175,13623.3302,10627.023,0.239,81.2685,0.4018,0.1542,0.0333,0.54,1.0,81
338,appi_shock,178.2827,179.4363,2178948.8978,12062.844,4621740.2602,10773.1342,9372.977,362.1652,25.8804,13623.3302,10627.023,0.2378,78.3677,0.4049,0.1538,0.0333,0.54,1.0,81
339,appi_shock,182.4914,182.4914,2181694.0007,9638.728,4642379.7492,10773.1342,9372.977,489.4448,19.1502,13623.3302,10627.023,0.2455,75.6611,0.4137,0.1542,0.0333,0.54,1.0,81
340,appi_shock,180.5729,180.5729,2179991.3129,11403.4578,4663046.6892,10820.4003,9325.7109,476.0392,19.5902,13682.4128,10674.2891,0.2537,74.5256,0.4234,0.1547,0.0333,0.54,1.0,81
341,appi_shock,181.059,181.059,2179748.1654,11766.5007,4683696.6024,10820.4003,9325.7109,569.9021,16.3637,13682.4128,10674.2891,0.255,74.0728,0.423,0.1538,0.0333,0.54,1.0,81
342,appi_shock,182.0837,182.0837,2182315.4467,9449.8228,4704344.084,10841.2329,9304.8783,412.1918,22.5741,13708.4535,10695.1217,0.2504,76.3082,0.416,0.1527,0.0333,0.54,1.0,81
343,appi_shock,183.8603,183.8603,2179591.4432,12631.5626,4725017.2385,10841.2329,9304.8783,379.171,24.5401,13708.4535,10695.1217,0.2449,81.2685,0.4029,0.1524,0.0333,0.54,1.0,81
344,appi_shock,186.5019,186.5019,2182209.2754,10756.26,4745663.1529,10939.5598,9206.5514,286.1914,32.1692,13831.3622,10793.4486,0.2385,81.2685,0.4004,0.151,0.0333,0.54,1.0,81
345,appi_shock,187.0885,187.0885,2182395.2597,11373.6355,4766335.2457,11003.424,9142.6872,410.1471,22.2912,13911.1924,10857.3128,0.2426,78.4103,0.4032,0.1504,0.0333,0.54,1.0,81
346,appi_shock,183.1368,183.3468,2181629.2193,12537.3237,4787009.1983,11003.424,9142.6872,370.5938,24.6704,13911.1924,10857.3128,0.2415,79.0743,0.4021,0.1488,0.0329,0.5461,1.0,83
347,appi_shock,182.5088,182.5088,2183240.7653,11178.5068,4807675.4905,11028.8956,9117.2156,443.8852,20.5396,13943.0319,10882.7844,0.2419,79.0743,0.408,0.1482,0.0329,0.5461,1.0,83
348,appi_shock,190.0365,190.0365,2187829.681,7717.8942,4828357.8981,11106.0875,9040.0237,408.0519,22.1541,14039.5218,10959.9763,0.245,77.6273,0.4105,0.1479,0.0329,0.5461,1.0,83
349,appi_shock,190.9534,190.9534,2188553.4796,8178.2468,4849086.1949,11136.2081,9009.9031,456.6376,19.731,14077.1725,10990.0969,0.2346,78.4392,0.3887,0.1464,0.0329,0.5461,1.0,83
350,appi_shock,184.9593,187.1343,2188269.5215,9200.4265,4869821.7297,11136.2081,9009.9031,438.5551,20.5445,14077.1725,10990.0969,0.2337,78.4103,0.3881,0.1465,0.0329,0.5461,1.0,83
351,appi_shock,188.2025,188.2025,2186913.4618,11467.0814,4890554.4249,11173.9592,8972.152,477.5254,18.7888,14124.3614,11027.848,0.2381,77.0559,0.4013,0.1471,0.0325,0.5519,1.0,85
352,appi_shock,187.8331,187.8331,2185408.7329,13715.7104,4911273.5595,11173.9592,8972.152,518.7454,17.2959,14124.3614,11027.848,0.2357,78.4103,0.3896,0.1469,0.0321,0.5513,1.0,86
353,appi_shock,194.6582,194.6582,2186698.1211,13999.7004,4931977.6469,11241.0554,8905.0559,383.5703,23.2162,14208.2316,11094.9441,0.2333,81.6646,0.3787,0.1442,0.0321,0.5513,1.0,86
354,appi_shock,188.6211,190.7651,2192100.1301,9751.6892,4952694.6281,11298.534,8847.5772,433.0761,20.4296,14280.0799,11152.4228,0.2344,81.6646,0.382,0.1441,0.0321,0.5513,1.0,86
355,appi_shock,189.7106,189.7106,2192221.5437,10646.481,4973465.6294,11365.5402,8780.5711,404.8065,21.6908,14363.8376,11219.4289,0.2404,78.4392,0.3901,0.1451,0.0321,0.5513,1.0,86
356,appi_shock,191.9718,191.9718,2193067.7521,11104.8181,4994237.8448,11408.0696,8738.0416,404.2106,21.6175,14416.9994,11261.9584,0.2333,84.8467,0.3839,0.1447,0.0316,0.557,1.0,88
357,appi_shock,191.8523,191.8523,2194146.9526,11307.9578,5015018.5223,11408.0696,8738.0416,311.014,28.0953,14416.9994,11261.9584,0.2314,81.9718,0.3875,0.1445,0.0316,0.557,1.0,88
358,appi_shock,191.2466,191.2466,2191923.15,14733.6492,5035809.9919,11443.1404,8702.9709,342.9909,25.3738,14460.8378,11297.0291,0.2364,81.9718,0.4001,0.1449,0.0316,0.557,1.0,88
359,appi_shock,197.5939,197.5939,2194701.6799,13857.6297,5056579.2234,11485.3259,8660.7854,351.8752,24.6132,14513.5697,11339.2146,0.2361,81.9718,0.3979,0.1427,0.0312,0.5625,1.0,90
360,appi_shock,194.8558,194.8558,2195745.4882,14425.2261,5077376.2402,11485.3259,8660.7854,328.0018,26.4047,14513.5697,11339.2146,0.2371,84.9413,0.397,0.1433,0.0312,0.5625,1.0,90
361,appi_shock,195.9414,195.9414,2199178.2165,12718.2991,5098183.6951,11485.3259,8660.7854,444.108,19.5015,14513.5697,11339.2146,0.2417,78.4392,0.4,0.1433,0.0309,0.5679,1.0,92
362,appi_shock,200.9935,200.9935,2200796.0844,13353.2938,5119025.4772,11485.3259,8660.7854,494.5346,17.513,14513.5697,11339.2146,0.2439,77.2893,0.4026,0.1432,0.0309,0.5679,1.0,92
363,appi_shock,200.4653,200.4653,2198284.8396,18003.1835,5139883.4381,11501.0097,8645.1015,641.8865,13.4683,14533.1745,11354.8985,0.2446,76.8187,0.4064,0.1423,0.0305,0.5732,1.0,94
364,appi_shock,199.2918,199.2918,2200797.5721,17576.1553,5160716.2865,11542.2584,8603.8529,683.7375,12.5836,14584.7353,11396.1471,0.2543,76.3201,0.4167,0.1421,0.0301,0.5783,1.0,96
