day,scenario,appi,daily_ubi_amount,a_supply_total,a_unclaimed_total,a_decay_burn_total,b_supply_total,b_reserves,b_liabilities,reserve_coverage_ratio,crystallized_a_total,crystallized_b_total,top10_b_share,median_b_balance,gini_b,gini_integrity,virtual_stake_usage_rate,defense_quota_usage_rate,defense_quota_eligible_total
0,inequality_pressure,100.9142,100.9142,15736.3182,5146.6232,0.0,483.1989,20000.0,33.8406,591.0057,0.0,0.0,0.585,1.7428,0.634,0.5179,0.0,0.0,0
1,inequality_pressure,100.3094,100.3094,25065.2418,7838.045,0.0,496.6282,19986.5706,33.8406,590.6089,16.7867,13.4294,0.568,1.7428,0.6392,0.518,0.0,0.0,0
2,inequality_pressure,101.3383,101.3383,34661.8151,10402.0725,0.0,496.6282,19986.5706,12.5793,1588.8496,16.7867,13.4294,0.587,1.7428,0.6545,0.5185,0.0,0.0,0
3,inequality_pressure,102.7547,102.7547,45161.2189,12233.2325,0.0,496.6282,19986.5706,0.0,19986.5706,16.7867,13.4294,0.5721,1.7469,0.6542,0.518,0.0,0.0,0
4,inequality_pressure,101.1751,101.1751,57803.4394,11680.5105,0.0,503.5739,19979.6249,34.2653,583.0855,25.4688,20.3751,0.5642,1.7469,0.6557,0.5172,0.0,0.0,0
5,inequality_pressure,102.368,102.368,72081.4942,9686.6118,0.0,503.5739,19979.6249,41.8023,477.9548,25.4688,20.3751,0.5576,1.7469,0.6528,0.5172,0.0,0.0,0
6,inequality_pressure,102.599,102.599,85951.074,8085.9625,0.0,548.5704,19934.6284,16.2687,1225.3358,90.9147,65.3716,0.5121,1.8408,0.6554,0.5137,1.0,0.0,0
7,inequality_pressure,104.7714,104.7714,96026.4472,10583.163,0.0,554.7138,19928.4851,10.1253,1968.1787,98.5939,71.5149,0.5065,1.8408,0.657,0.5132,1.0,0.0,0
8,inequality_pressure,103.9995,103.9995,109430.043,9659.5024,0.0,564.8392,19918.3597,0.0,19918.3597,111.2506,81.6403,0.4974,1.8408,0.658,0.5139,1.0,0.0,0
9,inequality_pressure,103.175,103.175,120795.513,10649.0795,8.6453,564.8392,19918.3597,41.7142,477.496,111.2506,81.6403,0.5104,1.8408,0.653,0.5139,1.0,0.0,0
10,inequality_pressure,102.4722,102.4722,132258.0339,11420.7319,71.1339,564.8392,19918.3597,41.7142,477.496,111.2506,81.6403,0.5009,1.8408,0.6505,0.5134,1.0,0.0,0
11,inequality_pressure,105.1252,105.1252,144238.0286,11860.9142,225.5976,564.8392,19918.3597,98.0991,203.0432,111.2506,81.6403,0.503,1.8408,0.6437,0.5134,1.0,0.0,0
12,inequality_pressure,104.1186,104.1186,155305.5269,13005.3191,481.3358,594.0336,19889.1652,56.962,349.1652,147.7437,110.8348,0.4644,1.8408,0.6536,0.5095,1.0,0.0,0
13,inequality_pressure,103.553,103.553,167587.9287,12769.0878,840.9012,598.7908,19884.4081,68.7027,289.4271,153.6901,115.5919,0.4606,1.8408,0.653,0.5078,1.0,0.0,0
14,inequality_pressure,106.5468,106.5468,183374.1397,9276.1361,1319.3562,615.2961,19867.9028,79.8086,248.9443,174.3217,132.0972,0.4375,1.9053,0.6387,0.5043,1.0,0.0,0
15,inequality_pressure,103.363,104.4159,195739.8193,8806.6205,1953.0976,640.444,19842.7549,45.4494,436.5901,217.2708,157.2451,0.4323,1.9217,0.6381,0.503,0.5,0.0,0
16,inequality_pressure,104.8941,104.8941,206305.087,10071.243,2710.4958,650.6827,19832.5162,22.6129,877.0444,230.0691,167.4838,0.4081,2.0058,0.6301,0.5025,0.5,0.0,0
17,inequality_pressure,104.9979,104.9979,217112.4813,10914.5363,3573.5467,650.6827,19832.5162,74.1512,267.4604,230.0691,167.4838,0.3972,2.0583,0.624,0.5016,0.5,0.0,0
18,inequality_pressure,106.4955,106.4955,230387.9838,9419.2683,4544.6715,703.9339,19779.265,43.379,455.964,296.6331,220.735,0.3879,2.1896,0.623,0.5006,0.5,0.0,0
19,inequality_pressure,104.6626,104.6626,242065.0826,9149.3811,5648.5514,741.9681,19741.2307,61.1527,322.8187,344.1759,258.7693,0.3832,2.2088,0.6236,0.5011,0.5,0.0,0
20,inequality_pressure,105.2912,105.2912,250910.8336,11680.1381,6869.2022,766.048,19717.1509,72.7927,270.867,374.2757,282.8491,0.381,2.2518,0.6228,0.5,0.5,0.0,0
21,inequality_pressure,106.1459,106.1459,262152.6569,11840.9976,8178.3105,766.048,19717.1509,78.106,252.441,374.2757,282.8491,0.3636,2.4112,0.6149,0.4986,0.5,0.0,0
22,inequality_pressure,107.4287,107.4287,272040.9687,13417.0796,9599.8371,777.911,19705.2879,70.6576,278.8841,389.1045,294.7121,0.3661,2.4316,0.6145,0.4985,0.5,0.0,0
23,inequality_pressure,106.3259,106.3259,285342.738,11284.3152,11120.2468,855.4023,19627.7966,36.2691,541.1717,485.9686,372.2034,0.334,2.6467,0.5944,0.4952,0.5,0.0,0
24,inequality_pressure,106.2624,106.2624,298150.9813,9574.129,12773.6742,873.8126,19609.3863,37.0779,528.8698,508.9815,390.6137,0.3343,2.6467,0.5961,0.494,0.5,0.0,0
25,inequality_pressure,105.441,105.441,309568.5759,8991.078,14555.184,873.8126,19609.3863,75.927,258.2664,508.9815,390.6137,0.338,2.6467,0.5959,0.494,0.5,0.0,0
26,inequality_pressure,107.1009,107.1009,318520.3635,10969.9531,16450.8697,891.6713,19591.5275,79.2678,247.1563,531.3049,408.4725,0.326,2.7171,0.591,0.4928,0.5,0.0,0
27,inequality_pressure,105.0133,105.0133,330347.6291,9719.0193,18436.0734,896.5485,19586.6504,97.0806,201.7567,537.4014,413.3496,0.3263,2.7262,0.5883,0.4922,0.5,0.0,0
28,inequality_pressure,104.2671,104.2671,340284.3384,10170.5828,20539.5497,949.2725,19533.9264,92.7323,210.6486,608.2287,466.0736,0.321,2.7262,0.5902,0.4911,0.6667,0.0,0
29,inequality_pressure,104.1946,104.1946,351872.3953,8883.03,22742.393,969.8794,19513.3194,55.5337,351.3778,633.9873,486.6806,0.314,2.7811,0.5851,0.4896,0.6667,0.0,0
30,inequality_pressure,104.9063,104.9063,361999.8179,9004.543,25061.117,986.1235,19497.0753,32.0799,607.7656,654.2925,502.9247,0.3011,2.8026,0.5808,0.4868,0.6667,0.0,0
31,inequality_pressure,104.9568,104.9568,370521.8353,10590.3546,27481.1152,1027.2774,19455.9214,44.5201,437.014,705.7348,544.0786,0.3086,2.8084,0.5845,0.4862,0.6667,0.0,0
32,inequality_pressure,102.6059,102.8577,381457.5812,9440.5198,29986.3335,1039.9757,19443.2232,91.1493,213.3119,721.6076,556.7768,0.3102,2.8215,0.5791,0.4859,0.6667,0.0,0
33,inequality_pressure,103.5758,103.5758,389035.7458,11606.9408,32600.9093,1094.184,19389.0148,111.7047,173.5738,789.3681,610.9852,0.3094,2.866,0.5751,0.485,0.6667,0.0,0
34,inequality_pressure,102.2325,102.2325,399612.1084,10597.2733,35291.2668,1106.6242,19376.5746,114.2401,169.6128,804.9184,623.4254,0.3168,2.866,0.578,0.4849,0.6667,0.0,0
35,inequality_pressure,104.2061,104.2061,409934.7528,9948.2789,38087.3879,1129.5736,19353.6253,124.5811,155.3496,833.6051,646.3747,0.3194,2.866,0.5821,0.4841,0.6667,0.0,0
36,inequality_pressure,104.6029,104.6029,421079.6671,8445.2223,40986.7354,1171.5675,19311.6313,107.5106,179.6253,886.0975,688.3687,0.33,2.9013,0.5813,0.4821,0.6667,0.0,0
37,inequality_pressure,102.9314,102.9314,429319.0106,9516.5334,43997.5321,1189.3587,19293.8402,115.8118,166.5965,908.3364,706.1598,0.3416,3.5041,0.5827,0.4812,0.6667,0.0,0
38,inequality_pressure,103.809,103.809,436566.78,11605.5137,47090.7222,1245.4988,19237.7001,76.0621,252.9211,978.5115,762.2999,0.3343,4.0794,0.5799,0.4778,0.6667,0.0,0
39,inequality_pressure,103.8071,103.8071,446935.9818,10476.6831,50256.39,1261.4733,19221.7256,52.1016,368.9278,998.4796,778.2744,0.3422,4.6111,0.5865,0.477,0.6667,0.0,0
40,inequality_pressure,99.8318,101.7309,455869.2806,10456.9134,53525.7498,1266.1823,19217.0166,72.6085,264.666,1004.3659,782.9834,0.3493,4.6111,0.5923,0.4758,0.6667,0.0,0
41,inequality_pressure,100.0577,100.0577,464109.5386,10842.4702,56884.4426,1292.0127,19191.1862,72.5956,264.3576,1036.6539,808.8138,0.3326,5.0836,0.5844,0.4744,0.6667,0.0,0
42,inequality_pressure,99.0267,99.0267,474405.6398,8913.781,60325.538,1318.875,19164.3239,105.4862,181.6762,1070.2318,835.6761,0.3256,5.5759,0.5791,0.471,0.6667,0.0,0
43,inequality_pressure,101.1316,101.1316,482424.7507,9453.9065,63869.5944,1344.8722,19138.3267,79.2128,241.6065,1102.7283,861.6733,0.3329,5.9116,0.5787,0.4707,0.6667,0.0,0
44,inequality_pressure,101.3825,101.3825,492343.1726,8077.1431,67493.8419,1377.8526,19105.3463,90.4843,211.1453,1143.9538,894.6537,0.3186,6.1858,0.5702,0.4691,0.6667,0.0,0
45,inequality_pressure,99.9956,99.9956,500743.88,7932.3073,71217.2736,1404.6742,19078.5246,76.8421,248.2821,1181.1721,921.4754,0.3188,6.2475,0.5672,0.4682,0.5,0.0,0
46,inequality_pressure,100.4008,100.4008,508852.4387,8027.8,75024.7124,1404.6742,19078.5246,106.1228,179.7779,1181.1721,921.4754,0.3188,6.2475,0.5672,0.4682,0.5,0.0,0
47,inequality_pressure,100.5451,100.5451,516304.432,8740.2777,78913.2368,1428.8848,19054.3141,57.1009,333.6956,1217.7729,945.6859,0.3237,7.3042,0.5647,0.4653,0.4,0.2,1
48,inequality_pressure,100.2505,100.2505,522432.9042,10636.0591,82876.2811,1433.2054,19049.9935,106.6467,178.6271,1223.1736,950.0065,0.304,7.3042,0.5537,0.4659,0.4,0.2,1
49,inequality_pressure,96.2258,98.2455,530799.8944,10029.164,86900.6102,1463.6565,19019.5424,108.7135,174.9511,1261.2374,980.4576,0.3036,7.998,0.5442,0.4643,0.4,0.2,1
50,inequality_pressure,99.0252,99.0252,539755.755,8816.8748,91008.6091,1467.6883,19015.5106,147.2338,129.1518,1266.2772,984.4894,0.3066,7.5171,0.5468,0.4639,0.4,0.2,1
51,inequality_pressure,95.5986,97.0447,547397.0268,8623.4115,95206.1667,1486.7189,18996.4799,133.2419,142.5713,1290.0655,1003.5201,0.3099,7.9706,0.5477,0.4643,0.4,0.2,1
52,inequality_pressure,98.3573,98.3573,554588.679,8934.8613,99480.1369,1504.3519,18978.847,123.1358,154.1293,1312.1068,1021.153,0.3224,7.9706,0.5583,0.4644,0.4,0.2,1
53,inequality_pressure,98.2567,98.2567,560820.1307,10118.9842,103826.0237,1520.4173,18962.7816,101.6668,186.519,1332.1885,1037.2184,0.3125,7.9706,0.5605,0.4637,0.4,0.2,1
54,inequality_pressure,97.4431,97.4431,570402.0906,7822.0005,108234.225,1520.4173,18962.7816,118.7701,159.6595,1332.1885,1037.2184,0.3153,7.9706,0.5577,0.4621,0.4,0.2,1
55,inequality_pressure,96.8582,96.8582,575794.8199,9534.5534,112738.2459,1541.0591,18942.1398,89.1174,212.5527,1357.9908,1057.8602,0.3067,8.6545,0.5482,0.4609,0.4,0.2,1
56,inequality_pressure,96.7228,96.7228,582568.3748,9798.5654,117296.1941,1552.002,18931.1969,96.5427,196.0914,1371.6693,1068.8031,0.303,8.6545,0.5469,0.461,0.4,0.2,1
57,inequality_pressure,94.4195,94.7883,590009.8495,9097.4435,121921.8779,1584.4459,18898.753,32.8185,575.8568,1412.2242,1101.247,0.2968,8.8082,0.5406,0.4595,0.4,0.2,1
58,inequality_pressure,94.6684,94.6684,597931.8339,7797.4672,126621.9764,1584.4459,18898.753,42.8658,440.882,1412.2242,1101.247,0.2967,8.8082,0.5425,0.4597,0.4,0.2,1
59,inequality_pressure,94.1365,94.1365,602382.3822,9845.2,131401.2947,1605.4426,18877.7563,46.6226,404.9057,1444.8896,1122.2437,0.3126,8.7492,0.5546,0.4588,0.3333,0.1667,1
60,inequality_pressure,93.089,93.089,610222.6935,8343.6717,136225.1185,1611.9012,18871.2977,40.5993,464.8181,1452.9628,1128.7023,0.3102,8.7492,0.552,0.457,0.2857,0.1429,1
61,inequality_pressure,94.5883,94.5883,615208.7247,9806.0054,141127.3455,1623.0945,18860.1043,37.5974,501.6328,1466.9545,1139.8957,0.3054,8.8082,0.5474,0.4567,0.25,0.125,1
62,inequality_pressure,96.0203,96.0203,622546.4305,9038.6423,146079.4327,1638.1215,18845.0774,22.5705,834.9443,1485.7382,1154.9226,0.3026,8.9352,0.5428,0.4565,0.25,0.125,1
63,inequality_pressure,93.6516,94.0998,629028.0174,8797.3092,151104.897,1638.1215,18845.0774,51.5102,365.8513,1485.7382,1154.9226,0.3041,8.9352,0.5458,0.4554,0.25,0.125,1
64,inequality_pressure,92.0819,92.2178,634816.7187,8949.7338,156195.1772,1649.2369,18833.9619,82.0109,229.6519,1499.6325,1166.0381,0.3046,8.8082,0.5467,0.4546,0.25,0.125,1
65,inequality_pressure,92.3767,92.3767,640313.6529,9369.7526,161343.3444,1649.2369,18833.9619,105.0616,179.2658,1499.6325,1166.0381,0.3041,8.8082,0.5477,0.454,0.25,0.125,1
66,inequality_pressure,92.5523,92.5523,647792.1388,7780.7807,166546.4809,1693.5783,18789.6206,50.7754,370.0533,1555.0592,1210.3794,0.2951,8.8837,0.5474,0.4515,0.25,0.125,1
67,inequality_pressure,92.3306,92.3306,652292.0227,9056.9323,171824.4023,1702.9921,18780.2068,67.4672,278.3604,1566.8264,1219.7932,0.3015,8.8837,0.5529,0.4514,0.25,0.125,1
68,inequality_pressure,93.5136,93.5136,658733.4468,8467.8457,177147.3225,1735.8591,18747.3398,127.4908,147.0486,1607.9102,1252.6602,0.308,9.039,0.5488,0.4499,0.25,0.125,1
69,inequality_pressure,95.8996,95.8996,662494.9588,10781.304,182534.657,1750.9995,18732.1994,134.3298,139.4494,1626.8357,1267.8006,0.3083,9.2547,0.5466,0.4478,0.25,0.125,1
70,inequality_pressure,93.0808,93.9816,670901.2602,8196.2307,187959.6066,1783.5108,18699.6881,110.3683,169.4298,1667.4748,1300.3119,0.3166,10.3292,0.5428,0.4478,0.25,0.125,1
71,inequality_pressure,92.6351,92.6351,676078.63,8574.5399,193468.6192,1819.1403,18664.0586,116.9776,159.5524,1712.0117,1335.9414,0.32,10.8862,0.5444,0.4477,0.25,0.125,1
72,inequality_pressure,94.1224,94.1224,679572.1269,10775.9055,199029.4055,1865.8148,18617.384,131.2967,141.7962,1770.3549,1382.616,0.2998,10.9507,0.5256,0.4453,0.25,0.125,1
73,inequality_pressure,96.525,96.525,686705.1307,9614.8587,204625.1268,1874.5918,18608.6071,102.7153,181.1668,1781.326,1391.3929,0.3211,10.3292,0.5414,0.4443,0.25,0.125,1
74,inequality_pressure,93.7738,94.5945,691538.5771,10435.8712,210292.1781,1888.8976,18594.3013,132.801,140.0163,1799.2083,1405.6987,0.3226,9.7024,0.5465,0.4455,0.25,0.125,1
75,inequality_pressure,95.0138,95.0138,697412.2426,10248.4712,216007.5638,1918.0804,18565.1185,109.0067,170.3117,1835.6868,1434.8815,0.3184,9.374,0.5484,0.4417,0.25,0.125,1
76,inequality_pressure,94.6007,94.6007,701860.9395,11368.9148,221781.6863,1942.6326,18540.5663,71.5632,259.0796,1869.1582,1459.4337,0.3112,9.7644,0.5341,0.4422,0.2222,0.2222,2
77,inequality_pressure,96.2886,96.2886,707469.8153,11455.4613,227600.2957,1962.9877,18520.2112,83.6877,221.3014,1894.6022,1479.7888,0.3079,10.3292,0.5261,0.4406,0.2222,0.2222,2
78,inequality_pressure,95.2396,95.2396,713415.1816,11064.145,233474.9938,1979.2558,18503.9431,65.5534,282.2726,1914.9373,1496.0569,0.305,10.3292,0.5237,0.4395,0.2222,0.2222,2
79,inequality_pressure,97.973,97.973,720430.7887,9766.7495,239409.1456,2001.2993,18481.8995,144.586,127.8263,1942.4917,1518.1005,0.2938,10.9961,0.5108,0.4375,0.2222,0.2222,2
80,inequality_pressure,96.2345,96.2345,726170.5755,9537.5612,245413.4535,2001.2993,18481.8995,221.5056,83.4376,1942.4917,1518.1005,0.2944,10.982,0.5092,0.4365,0.2222,0.2222,2
81,inequality_pressure,98.0049,98.0049,733112.2953,8277.0435,251475.1593,2028.5815,18454.6174,193.9432,95.1548,1976.5944,1545.3826,0.3054,11.0626,0.5156,0.435,0.2,0.3,3
82,inequality_pressure,96.1921,96.1921,738723.4807,8024.1856,257606.2822,2075.9842,18407.2147,151.4688,121.5248,2035.8477,1592.7853,0.3108,11.0626,0.5275,0.432,0.1818,0.3636,4
83,inequality_pressure,99.8345,99.8345,743150.1897,9371.4464,263793.517,2095.0375,18388.1614,153.6365,119.6861,2059.6645,1611.8386,0.3088,11.0626,0.5305,0.4316,0.1818,0.3636,4
84,inequality_pressure,97.9135,97.9135,748411.0243,9628.7258,270025.0189,2115.1008,18368.098,122.844,149.5238,2084.7436,1631.902,0.2933,11.9066,0.515,0.4303,0.1818,0.3636,4
85,inequality_pressure,97.4995,97.4995,752684.1397,10771.4411,276309.1292,2123.1855,18360.0133,116.9789,156.9515,2094.8495,1639.9867,0.2855,11.9066,0.5142,0.4305,0.1818,0.3636,4
86,inequality_pressure,97.1721,97.1721,762210.3439,6531.6067,282635.9706,2123.1855,18360.0133,141.2929,129.9429,2094.8495,1639.9867,0.2836,11.5054,0.5106,0.4299,0.1818,0.3636,4
87,inequality_pressure,100.2561,100.2561,766091.1878,8238.5699,289058.074,2123.1855,18360.0133,191.2139,96.0182,2094.8495,1639.9867,0.2974,10.9961,0.5227,0.4292,0.1818,0.3636,4
88,inequality_pressure,98.3699,98.3699,770469.6886,9185.2425,295518.9859,2200.903,18282.2959,143.4151,127.4781,2191.9963,1717.7041,0.2885,11.9066,0.5157,0.4255,0.1818,0.3636,4
89,inequality_pressure,98.5496,98.5496,774611.4189,10364.7695,302023.6828,2230.7793,18252.4196,98.0288,186.1944,2229.3417,1747.5804,0.2866,12.2697,0.5108,0.4247,0.1818,0.3636,4
90,inequality_pressure,101.1249,101.1249,780215.8648,10314.9173,308569.797,2237.023,18246.1758,147.3146,123.8586,2237.1463,1753.8242,0.2714,12.2697,0.499,0.4231,0.1818,0.3636,4
91,inequality_pressure,100.5617,100.5617,784361.5305,11634.5022,315171.9556,2237.023,18246.1758,111.002,164.3771,2237.1463,1753.8242,0.265,12.6934,0.4981,0.4221,0.1818,0.3636,4
92,inequality_pressure,101.6755,101.6755,789608.2148,11898.221,321815.5709,2237.023,18246.1758,96.2772,189.5171,2237.1463,1753.8242,0.2587,14.1474,0.4923,0.4202,0.1667,0.3333,4
93,inequality_pressure,101.23,101.23,795920.0903,11025.1232,328511.6531,2246.3831,18236.8157,143.5943,127.0024,2248.8465,1763.1843,0.2631,13.4222,0.4979,0.4179,0.1667,0.3333,4
94,inequality_pressure,103.7402,103.7402,800690.0992,11873.4763,335270.854,2277.6159,18205.5829,216.652,84.0315,2287.8875,1794.4171,0.2698,13.4222,0.4998,0.418,0.1667,0.3333,4
95,inequality_pressure,103.2237,103.2237,809051.3894,9042.6722,342077.755,2299.5366,18183.6623,195.7601,92.8875,2333.5185,1816.3377,0.2699,14.0616,0.5006,0.4135,0.1538,0.3846,5
96,inequality_pressure,103.5544,103.5544,813773.5123,9818.1978,348968.2689,2354.4107,18128.7882,171.8912,105.4667,2402.1111,1871.2118,0.2635,14.62,0.4873,0.4119,0.1538,0.3846,5
97,inequality_pressure,102.6037,102.6037,818778.6537,10187.7607,355906.004,2405.7967,18077.4021,99.0489,182.5099,2466.3437,1922.5979,0.2644,15.1297,0.4821,0.4108,0.1538,0.3846,5
98,inequality_pressure,105.554,105.554,823102.2161,11461.4742,362893.7905,2428.9709,18054.228,127.8181,141.2494,2495.3114,1945.772,0.2603,17.0193,0.4816,0.4106,0.1538,0.3846,5
99,inequality_pressure,103.1729,103.443,828039.4104,11835.1858,369924.8127,2459.4204,18023.7784,160.0128,112.6396,2533.3733,1976.2216,0.2576,17.0193,0.4829,0.4107,0.1538,0.3846,5
100,inequality_pressure,105.135,105.135,831803.9558,13578.9097,377005.2068,2459.4204,18023.7784,145.3477,124.0046,2533.3733,1976.2216,0.2537,16.1707,0.4801,0.4096,0.1538,0.3846,5
101,inequality_pressure,104.3009,104.3009,838392.3297,12317.6523,384123.2463,2544.7752,17938.4237,85.9241,208.7706,2640.0667,2061.5763,0.241,17.661,0.4653,0.4079,0.1429,0.4286,6
102,inequality_pressure,105.5275,105.5275,842758.4993,13424.9383,391307.1696,2544.7752,17938.4237,129.0442,139.01,2640.0667,2061.5763,0.2447,17.571,0.4712,0.4069,0.1429,0.4286,6
103,inequality_pressure,106.642,106.642,847880.2129,13847.3741,398534.7546,2613.9091,17869.2897,116.3784,153.5447,2726.4842,2130.7103,0.2415,17.8532,0.4566,0.4062,0.1429,0.4286,6
104,inequality_pressure,105.7901,105.7901,850950.3325,16175.9854,405813.5568,2621.7761,17861.4228,191.5252,93.2589,2736.3178,2138.5772,0.2494,17.661,0.4658,0.4049,0.1429,0.4286,6
105,inequality_pressure,103.9456,103.9456,859532.8492,12702.6926,413123.0601,2626.5177,17856.6812,203.6795,87.6705,2742.2449,2143.3188,0.2463,17.661,0.4652,0.4043,0.1429,0.4286,6
106,inequality_pressure,107.7506,107.7506,868533.0662,9171.1809,420518.3886,2690.5604,17792.6384,166.9671,106.5638,2822.2983,2207.3616,0.2389,17.7215,0.4576,0.4025,0.1429,0.4286,6
107,inequality_pressure,105.2788,105.5956,872573.8985,10286.6315,428003.7192,2698.8741,17784.3248,204.136,87.12,2832.6903,2215.6752,0.2426,17.7215,0.4587,0.4019,0.1429,0.4286,6
108,inequality_pressure,107.2278,107.2278,876314.1431,11842.7086,435529.4582,2739.7033,17743.4956,206.9824,85.7247,2883.7268,2256.5044,0.2342,17.571,0.4572,0.3995,0.1429,0.4286,6
109,inequality_pressure,105.4059,105.4059,882431.3018,10811.112,443092.5996,2776.3244,17706.8745,173.9376,101.8001,2929.5032,2293.1255,0.227,17.571,0.4602,0.3976,0.125,0.5,8
110,inequality_pressure,104.7321,104.7321,887013.0836,11157.1738,450716.9127,2784.4711,17698.7278,123.697,143.0813,2939.6866,2301.2722,0.2306,17.7215,0.4557,0.3981,0.1176,0.5294,9
111,inequality_pressure,104.0194,104.0194,891350.9973,11622.5753,458387.0435,2790.5731,17692.6257,149.3182,118.4895,2947.3142,2307.3743,0.2381,15.8899,0.4681,0.3982,0.1111,0.6111,11
112,inequality_pressure,106.3393,106.3393,899514.1197,8445.1076,466100.5535,2861.5901,17621.6088,89.626,196.6127,3036.0853,2378.3912,0.2354,17.7215,0.4626,0.3968,0.1111,0.6111,11
113,inequality_pressure,105.69,105.69,904389.4411,8457.4442,473895.6947,2868.7001,17614.4988,82.9343,212.3909,3044.9729,2385.5012,0.2371,15.8899,0.4719,0.3967,0.1111,0.6111,11
114,inequality_pressure,103.8641,103.8641,908429.8153,8995.4426,481739.5891,2884.0569,17599.142,87.1069,202.0406,3064.1689,2400.858,0.239,16.7385,0.4655,0.3956,0.1111,0.6111,11
115,inequality_pressure,104.6748,104.6748,912258.3469,9832.7574,489623.8872,2902.3181,17580.8808,93.0396,188.9613,3086.9954,2419.1192,0.2407,15.9261,0.4597,0.3941,0.1111,0.6111,11
116,inequality_pressure,107.368,107.368,916055.8626,10923.9093,497546.4707,2937.5511,17545.6478,127.3342,137.7921,3131.0366,2454.3522,0.248,15.9261,0.4684,0.3933,0.1111,0.6111,11
117,inequality_pressure,103.3505,105.2207,921603.0365,10022.5124,505507.0293,2954.2412,17528.9577,156.8364,111.7659,3151.8993,2471.0423,0.2436,15.9261,0.4614,0.392,0.1111,0.6111,11
118,inequality_pressure,103.2703,103.2703,925339.5893,10635.2385,513523.0597,2968.7691,17514.4298,166.4729,105.2089,3170.0591,2485.5702,0.235,17.571,0.4507,0.3893,0.1111,0.6111,11
119,inequality_pressure,105.5841,105.5841,931235.0867,9339.8283,521576.4556,3008.6193,17474.5796,111.0643,157.3375,3219.8718,2525.4204,0.2331,18.2619,0.4521,0.3875,0.1111,0.6111,11
120,inequality_pressure,103.6396,103.6396,935910.5854,12189.8159,529688.8065,3044.7533,17438.4456,118.9774,146.5694,3265.0393,2561.5544,0.2339,13.5695,0.5571,0.4927,0.1053,0.6842,13
121,inequality_pressure,104.5907,104.5907,943746.9374,11905.1502,537825.7199,3069.3767,17413.8221,124.4419,139.9354,3295.8187,2586.1779,0.2321,13.6286,0.5479,0.4918,0.1,0.75,15
122,inequality_pressure,104.9575,104.9575,949820.3347,13300.788,546013.8794,3078.9308,17404.2681,171.202,101.6592,3307.7613,2595.7319,0.2303,13.6286,0.5427,0.4902,0.1,0.75,15
123,inequality_pressure,105.0188,105.0188,956461.654,14156.0815,554245.1833,3109.6606,17373.5383,130.2234,133.4134,3346.1735,2626.4617,0.2358,13.7636,0.5431,0.4901,0.1,0.75,15
124,inequality_pressure,104.4558,104.4558,962414.5658,15593.8722,562503.0407,3131.062,17352.1369,152.0348,114.1326,3372.9252,2647.8631,0.2318,13.9553,0.5335,0.4875,0.1,0.75,15
125,inequality_pressure,100.9407,102.3666,973256.1985,11788.4844,570787.9844,3148.0755,17335.1234,167.3788,103.5682,3394.1921,2664.8766,0.2309,14.2488,0.5293,0.4864,0.1,0.75,15
126,inequality_pressure,101.2689,101.2689,979245.1801,12579.6422,579148.2399,3183.8401,17299.3588,175.7585,98.4269,3438.8979,2700.6412,0.2282,15.044,0.52,0.4838,0.1,0.75,15
127,inequality_pressure,102.3592,102.3592,987566.9463,11160.0379,587542.9274,3183.8401,17299.3588,237.435,72.8594,3438.8979,2700.6412,0.235,14.2488,0.5305,0.4829,0.1,0.75,15
128,inequality_pressure,102.7143,102.7143,993146.4284,12518.0714,595987.7222,3192.9863,17290.2126,277.461,62.3158,3454.6925,2709.7874,0.2351,13.9553,0.533,0.4828,0.0952,0.7619,16
129,inequality_pressure,102.3174,102.3174,1000409.4632,12084.5984,604455.5329,3278.5613,17204.6376,213.9275,80.4228,3561.6612,2795.3624,0.2283,15.044,0.5211,0.4775,0.0952,0.7619,16
130,inequality_pressure,100.5688,100.5688,1008093.9881,10956.5082,612973.557,3298.8904,17184.3085,292.6749,58.7147,3587.0726,2815.6915,0.2335,13.9553,0.5343,0.4769,0.0952,0.7619,16
131,inequality_pressure,98.774,98.774,1013943.7548,11260.7596,621560.5838,3371.8023,17111.3966,186.5454,91.7278,3697.7184,2888.6034,0.2233,15.044,0.5113,0.4735,0.1667,0.75,18
132,inequality_pressure,101.6898,101.6898,1021085.2958,10691.0478,630204.2732,3391.4517,17091.7472,236.3393,72.3187,3722.2802,2908.2528,0.2179,15.044,0.5064,0.4725,0.1667,0.75,18
133,inequality_pressure,100.1722,100.1722,1026711.9823,11352.888,638917.7533,3391.4517,17091.7472,213.3572,80.1086,3722.2802,2908.2528,0.2188,15.044,0.5079,0.4716,0.1667,0.75,18
134,inequality_pressure,99.6098,99.6098,1034726.8083,9490.5988,647685.5326,3410.515,17072.6839,124.015,137.6663,3746.1092,2927.3161,0.2193,16.3347,0.499,0.4701,0.1667,0.75,18
135,inequality_pressure,99.4967,99.4967,1039230.2696,11063.7208,656533.4601,3410.515,17072.6839,193.7834,88.1019,3746.1092,2927.3161,0.2217,16.3347,0.5006,0.4696,0.1667,0.75,18
136,inequality_pressure,98.1747,98.1747,1043421.5897,12638.7545,665426.4223,3430.3779,17052.821,136.3894,125.0304,3770.9379,2947.179,0.2205,17.6966,0.5016,0.4687,0.16,0.76,19
137,inequality_pressure,98.4219,98.4219,1050059.788,11829.6186,674360.6382,3482.9841,17000.2148,125.3106,135.6646,3836.6957,2999.7852,0.2157,17.6966,0.5046,0.4692,0.16,0.76,19
138,inequality_pressure,97.5423,97.5423,1053747.5549,13723.8675,683361.236,3493.697,16989.5019,164.1813,103.4801,3850.0868,3010.4981,0.219,16.6156,0.5054,0.4687,0.16,0.76,19
139,inequality_pressure,98.2452,98.2452,1059179.0955,13942.0144,692398.7116,3508.3467,16974.8522,142.8973,118.7906,3868.3989,3025.1478,0.2195,16.6156,0.5076,0.4689,0.16,0.76,19
140,inequality_pressure,98.0285,98.0285,1065973.1302,12752.9731,701490.5025,3559.9687,16923.2302,148.5347,113.9345,3932.9264,3076.7698,0.2189,18.1524,0.4925,0.4674,0.16,0.76,19
141,inequality_pressure,95.6407,96.068,1071274.9243,12701.6416,710650.2339,3565.965,16917.2339,194.8152,86.8373,3940.4217,3082.7661,0.2218,17.6966,0.4964,0.4654,0.16,0.76,19
142,inequality_pressure,96.4085,96.4085,1077221.1567,11991.6934,719862.9831,3608.9199,16874.279,194.8571,86.5982,3994.1154,3125.721,0.2179,18.7083,0.4923,0.464,0.16,0.76,19
143,inequality_pressure,95.8413,95.8413,1084130.9148,10100.9931,729135.1947,3623.2526,16859.9463,181.9469,92.6641,4012.0313,3140.0537,0.2178,19.1958,0.4861,0.4625,0.16,0.76,19
144,inequality_pressure,93.8011,93.9245,1087940.4049,10983.4215,738476.5038,3684.4099,16798.7889,142.0102,118.2928,4088.4779,3201.2111,0.2189,19.3877,0.4819,0.4629,0.1538,0.8077,21
145,inequality_pressure,93.8172,93.8172,1093715.0386,9884.3978,747855.9079,3684.4099,16798.7889,142.3361,118.022,4088.4779,3201.2111,0.2181,19.0775,0.4794,0.4634,0.1538,0.8077,21
146,inequality_pressure,94.4559,94.4559,1097075.3318,11222.6464,757293.0582,3732.7967,16750.4022,162.9008,102.8258,4148.9614,3249.5978,0.213,19.6963,0.4651,0.4624,0.1538,0.8077,21
147,inequality_pressure,96.1778,96.1778,1101936.8748,11246.9707,766763.8116,3751.666,16731.5329,223.4988,74.8618,4172.548,3268.4671,0.2162,19.6963,0.4681,0.4619,0.1429,0.75,21
148,inequality_pressure,93.0499,94.2542,1106809.6992,10992.9081,776283.1803,3788.0474,16695.1514,211.1544,79.0661,4218.0248,3304.8486,0.2188,19.6853,0.4801,0.4606,0.1379,0.7586,22
149,inequality_pressure,95.9667,95.9667,1110177.9621,12399.9148,785851.2773,3803.0536,16680.1453,248.5594,67.1073,4236.7825,3319.8547,0.2185,18.4381,0.482,0.4588,0.1333,0.8,24
150,inequality_pressure,93.6997,94.0474,1115297.6433,11741.4174,795453.0569,3848.7405,16634.4583,213.505,77.9113,4293.8912,3365.5417,0.2217,18.4381,0.4769,0.4567,0.1333,0.8,24
151,inequality_pressure,92.441,92.441,1120382.1172,10851.5023,805106.0334,3870.346,16612.8529,194.9663,85.2088,4320.898,3387.1471,0.2119,20.1692,0.4675,0.452,0.129,0.7742,24
152,inequality_pressure,92.5164,92.5164,1122268.9514,13110.7257,814809.8545,3912.392,16570.8068,172.7611,95.9174,4373.4556,3429.1932,0.216,20.1692,0.4674,0.451,0.129,0.7742,24
153,inequality_pressure,93.6421,93.6421,1126043.573,13625.1052,824532.544,3951.4996,16531.6993,214.8768,76.9357,4422.34,3468.3007,0.218,20.1692,0.4629,0.4505,0.125,0.8125,26
154,inequality_pressure,94.4597,94.4597,1132387.4164,11642.9341,834292.9798,3981.163,16502.0359,145.9106,113.0969,4459.4192,3497.9641,0.2143,20.4919,0.4573,0.4501,0.1176,0.8235,28
155,inequality_pressure,95.1086,95.1086,1133722.221,14750.5451,844116.8539,3999.0314,16484.1675,173.0457,95.2591,4481.7547,3515.8325,0.2159,19.5846,0.4609,0.4492,0.1176,0.8235,28
156,inequality_pressure,94.0525,94.0525,1139283.8726,13383.5916,853954.0761,4007.7954,16475.4035,239.8168,68.7,4492.7098,3524.5965,0.2162,19.5846,0.4624,0.4481,0.1176,0.8235,28
157,inequality_pressure,94.7839,94.7839,1147024.5322,9930.9057,863846.9149,4025.2537,16457.9452,211.6343,77.766,4514.5327,3542.0548,0.2161,20.5511,0.4578,0.4468,0.1176,0.8235,28
158,inequality_pressure,94.6037,94.6037,1149513.1629,11631.4681,873817.1602,4025.2537,16457.9452,193.4325,85.0837,4514.5327,3542.0548,0.2159,20.3181,0.4659,0.4462,0.1176,0.8235,28
159,inequality_pressure,93.092,93.092,1153271.9918,11814.3404,883812.2918,4026.6842,16456.5147,255.4896,64.4117,4521.685,3543.4853,0.2176,20.3181,0.4737,0.4452,0.1143,0.8286,29
160,inequality_pressure,95.394,95.394,1156150.5432,13153.5162,893845.0117,4067.8024,16415.3965,246.6547,66.5521,4573.0828,3584.6035,0.2165,21.3711,0.4722,0.4428,0.1143,0.8286,29
161,inequality_pressure,95.472,95.472,1162986.029,10550.3583,903906.5172,4089.6254,16393.5735,259.1901,63.2492,4600.3615,3606.4265,0.2184,22.4637,0.467,0.4417,0.1143,0.8286,29
162,inequality_pressure,94.755,94.755,1164118.4334,13473.5,914036.3775,4162.4882,16320.7106,224.9608,72.5491,4702.1446,3679.2894,0.2206,20.7647,0.4682,0.4413,0.1111,0.8333,30
163,inequality_pressure,94.8025,94.8025,1169341.7591,12329.3584,924177.5618,4187.3872,16295.8117,194.7263,83.6857,4733.2684,3704.1883,0.219,21.4355,0.4726,0.4391,0.1081,0.8108,30
164,inequality_pressure,94.1551,94.1551,1174121.5719,11432.3292,934370.9794,4211.4062,16271.7926,269.3376,60.4141,4763.2921,3728.2074,0.221,20.7647,0.4746,0.4377,0.1053,0.8158,31
165,inequality_pressure,97.5206,97.5206,1178072.4432,11842.0432,944612.1951,4243.3851,16239.8138,225.369,72.0588,4803.2657,3760.1862,0.2142,22.9781,0.4614,0.4373,0.1053,0.8158,31
166,inequality_pressure,94.9048,95.5702,1182462.2625,11495.6979,954892.9195,4265.8225,16217.3763,192.7147,84.1523,4831.3125,3782.6237,0.2089,21.7789,0.4571,0.436,0.1026,0.8205,32
167,inequality_pressure,96.8358,96.8358,1184801.6063,13299.3384,965217.5422,4289.9691,16193.2298,197.0515,82.1776,4861.4957,3806.7702,0.2081,22.5949,0.4604,0.4351,0.1026,0.8205,32
168,inequality_pressure,94.809,94.899,1188083.7818,13873.3227,975565.5582,4305.1536,16178.0453,141.2058,114.5707,4880.4763,3821.9547,0.2116,23.2642,0.4588,0.4348,0.1026,0.8205,32
169,inequality_pressure,99.0142,99.0142,1192893.1377,13442.887,985946.396,4347.4709,16135.728,153.4191,105.1742,4933.3729,3864.272,0.21,23.8951,0.4586,0.4326,0.1026,0.8205,32
170,inequality_pressure,97.5208,97.5208,1197731.2867,12771.8548,996375.3274,4361.056,16122.1429,253.1248,63.6925,4950.3543,3877.8571,0.2137,22.5949,0.4761,0.4328,0.1026,0.8205,32
171,inequality_pressure,97.4463,97.4463,1202977.2872,11605.139,1006852.6403,4435.6892,16047.5097,164.4193,97.6012,5043.6458,3952.4903,0.2116,22.8835,0.4535,0.4302,0.122,0.8293,34
172,inequality_pressure,99.7982,99.7982,1207306.9286,11660.5453,1017382.4132,4491.3679,15991.831,173.463,92.1916,5113.2442,4008.169,0.2179,22.5949,0.4617,0.4285,0.122,0.8293,34
173,inequality_pressure,98.6453,98.6453,1214099.8827,9091.3181,1027955.4824,4514.5731,15968.6258,174.2815,91.6255,5142.2507,4031.3742,0.2126,23.4984,0.4582,0.4263,0.122,0.8293,34
174,inequality_pressure,101.1567,101.1567,1219058.9846,8637.6193,1038596.4813,4552.6107,15930.5882,189.9895,83.8498,5189.7977,4069.4118,0.2123,24.1943,0.4534,0.4255,0.122,0.8293,34
175,inequality_pressure,98.5431,99.1335,1220110.9913,11758.509,1049287.0711,4565.7508,15917.448,153.9531,103.3915,5206.2229,4082.552,0.2103,24.9206,0.4536,0.425,0.122,0.8293,34
176,inequality_pressure,99.8892,99.8892,1224543.8726,11568.7668,1059988.181,4585.6236,15897.5753,192.0374,82.7837,5231.0638,4102.4247,0.2107,23.8951,0.4604,0.424,0.122,0.8293,34
177,inequality_pressure,98.5665,98.5665,1229813.3779,10302.6877,1070733.6198,4601.6203,15881.5786,221.8514,71.5866,5251.0596,4118.4214,0.2081,23.6771,0.4664,0.4227,0.122,0.8293,34
178,inequality_pressure,101.2349,101.2349,1233425.73,11037.6279,1081531.7535,4630.3612,15852.8377,110.7739,143.1098,5286.9858,4147.1623,0.209,23.9659,0.4659,0.4219,0.122,0.8293,34
179,inequality_pressure,101.9855,101.9855,1235353.4641,13556.8047,1092366.0108,4635.405,15847.7939,140.0997,113.118,5298.5011,4152.2061,0.2099,23.6771,0.4683,0.4214,0.119,0.8333,35
180,inequality_pressure,102.4679,102.4679,1240665.5259,12743.867,1103219.5455,4645.9783,15837.2205,177.2005,89.3746,5311.7178,4162.7795,0.2157,23.2965,0.4737,0.4202,0.119,0.8333,35
181,inequality_pressure,103.3205,103.3205,1245352.0469,12632.0426,1114126.2007,4680.733,15802.4658,202.7304,77.9482,5355.1612,4197.5342,0.216,22.6083,0.4672,0.4194,0.119,0.8333,35
182,inequality_pressure,101.6972,101.6972,1248399.6853,13885.4688,1125079.7212,4694.7551,15788.4438,155.7568,101.366,5372.6887,4211.5562,0.2153,23.1809,0.464,0.4182,0.1163,0.8605,37
183,inequality_pressure,101.0749,101.0749,1255530.2999,10864.5005,1136063.7181,4694.7551,15788.4438,254.5965,62.0136,5372.6887,4211.5562,0.2125,22.9467,0.4651,0.4179,0.1136,0.8636,38
184,inequality_pressure,103.4828,103.4828,1257819.172,13035.3758,1147119.0211,4715.7129,15767.486,313.285,50.3295,5398.886,4232.514,0.2181,23.0622,0.4688,0.4167,0.1136,0.8636,38
185,inequality_pressure,103.9933,103.9933,1261393.7892,13955.4457,1158197.2128,4741.9315,15741.2673,304.7192,51.6583,5444.2377,4258.7327,0.2189,23.6771,0.4637,0.4146,0.1111,0.8667,39
186,inequality_pressure,102.7615,102.7615,1263554.348,16060.726,1169311.1507,4773.038,15710.1609,292.285,53.7495,5483.1208,4289.8391,0.2187,23.2642,0.4681,0.4125,0.1087,0.8696,40
187,inequality_pressure,104.5497,104.5497,1271060.6223,13072.4238,1180446.6942,4776.6737,15706.5251,314.3377,49.967,5490.4882,4293.4749,0.2152,23.9719,0.4625,0.4116,0.1064,0.8723,41
188,inequality_pressure,106.082,106.082,1275265.9035,13542.8208,1191657.3004,4787.9267,15695.2722,269.5819,58.2208,5504.5544,4304.7278,0.2175,24.4921,0.4538,0.4094,0.1064,0.8723,41
189,inequality_pressure,106.0735,106.0735,1279679.6826,13726.5417,1202909.9594,4808.7421,15674.4568,209.3463,74.8734,5530.5736,4325.5432,0.2125,25.939,0.444,0.4066,0.1042,0.8542,41
190,inequality_pressure,105.806,105.806,1284285.5234,13639.4075,1214206.7562,4808.7421,15674.4568,240.8473,65.0805,5530.5736,4325.5432,0.2134,26.1004,0.4448,0.406,0.1042,0.8542,41
191,inequality_pressure,104.3713,104.3713,1290652.6176,11549.5462,1225549.6115,4841.2881,15641.9108,232.1349,67.3829,5571.2561,4358.0892,0.2162,26.1004,0.4459,0.4044,0.1042,0.8542,41
192,inequality_pressure,104.5839,104.5839,1294284.4017,12158.8928,1236956.1376,4853.0651,15630.1338,293.4462,53.264,5585.9774,4369.8662,0.214,25.9848,0.4453,0.4036,0.1042,0.8542,41
193,inequality_pressure,105.6241,105.6241,1296418.4953,14425.577,1248398.9817,4916.994,15566.2049,313.6873,49.6233,5665.8886,4433.7951,0.2197,25.4595,0.4537,0.4033,0.1042,0.8542,41
194,inequality_pressure,106.4443,106.4443,1303480.5757,11865.9563,1259863.1666,4959.2612,15523.9377,304.5057,50.9808,5730.788,4476.0623,0.218,26.1257,0.4524,0.401,0.1,0.88,44
195,inequality_pressure,106.3591,106.3591,1305264.4172,14429.036,1271397.9724,5021.4023,15461.7966,193.3207,79.98,5808.4644,4538.2034,0.2093,26.1257,0.4318,0.3972,0.1,0.88,44
196,inequality_pressure,105.9425,105.9425,1309614.7029,14417.486,1282950.6165,5038.5124,15444.6865,171.4562,90.0795,5829.8519,4555.3135,0.2084,25.939,0.4387,0.3959,0.1,0.88,44
197,inequality_pressure,107.6893,107.6893,1312928.8615,15606.993,1294546.7636,5059.7096,15423.4893,211.04,73.0832,5856.3485,4576.5107,0.2139,25.8874,0.4458,0.3954,0.098,0.902,46
198,inequality_pressure,105.2118,105.5355,1319285.6206,13382.2745,1306176.0522,5087.6316,15395.5672,251.4246,61.2333,5894.7453,4604.4328,0.2177,25.5929,0.4476,0.3952,0.0962,0.9231,48
199,inequality_pressure,105.9071,105.9071,1325410.5519,11346.3581,1317868.9084,5126.3009,15356.8979,254.5798,60.3225,5943.0819,4643.1021,0.2142,26.4507,0.4387,0.3936,0.0962,0.9231,48
200,inequality_pressure,106.6499,106.6499,1331345.7287,9577.8814,1329623.0139,5153.7828,15329.4161,238.0366,64.3994,5977.4343,4670.5839,0.2121,28.5648,0.4294,0.3916,0.0962,0.9231,48
201,inequality_pressure,107.2638,107.2638,1332209.9787,12935.9114,1341436.4712,5187.9153,15295.2836,277.2108,55.1756,6020.0999,4704.7164,0.2099,29.4799,0.4311,0.3902,0.0962,0.9231,48
202,inequality_pressure,104.1948,105.1185,1336564.0371,12498.4526,1353258.571,5290.1141,15193.0848,256.1338,59.317,6147.8484,4806.9152,0.2081,29.7829,0.4325,0.3872,0.0962,0.9231,48
203,inequality_pressure,104.147,104.147,1339244.8379,13544.3377,1365124.2114,5348.8019,15134.397,217.4769,69.5908,6221.2081,4865.603,0.2126,30.3728,0.4331,0.3857,0.0962,0.9231,48
204,inequality_pressure,105.5952,105.5952,1343758.2517,12945.5585,1377016.6597,5357.4218,15125.777,176.4244,85.7352,6231.9831,4874.223,0.2067,30.3848,0.4269,0.384,0.0962,0.9231,48
205,inequality_pressure,106.9578,106.9578,1348694.4314,12115.4618,1388954.2423,5381.2134,15101.9854,246.6265,61.2342,6261.7226,4898.0146,0.2095,29.7829,0.4328,0.3828,0.0962,0.9231,48
206,inequality_pressure,105.0242,105.0242,1352589.2418,11930.5781,1400941.1866,5421.4859,15061.713,281.6236,53.4817,6312.0631,4938.287,0.2091,28.9214,0.4341,0.3812,0.0962,0.9231,48
207,inequality_pressure,104.5298,104.5298,1356492.6225,11653.2409,1412967.079,5421.4859,15061.713,285.247,52.8024,6312.0631,4938.287,0.2062,28.9214,0.4362,0.3803,0.0962,0.9231,48
208,inequality_pressure,106.3948,106.3948,1358683.4122,13323.3153,1425032.0052,5433.7897,15049.4092,252.5155,59.598,6327.4429,4950.5908,0.2073,28.9214,0.4395,0.3806,0.0962,0.9231,48
209,inequality_pressure,104.8047,104.8047,1362767.826,12837.7038,1437118.8393,5459.8312,15023.3677,251.0426,59.8439,6359.9947,4976.6323,0.2069,28.8787,0.4433,0.3787,0.0926,0.963,52
210,inequality_pressure,102.7935,102.7935,1367248.8133,11621.3604,1449246.5176,5498.5457,14984.6532,222.9223,67.2192,6422.6004,5015.3468,0.2073,29.9638,0.4441,0.3774,0.0893,0.9643,54
211,inequality_pressure,102.987,102.987,1369530.0604,12615.6732,1461419.0057,5524.4694,14958.7295,170.6365,87.6643,6455.0051,5041.2705,0.2062,29.9638,0.4383,0.3748,0.0877,0.9649,55
212,inequality_pressure,101.5971,101.5971,1373596.3941,11563.2871,1473614.3063,5548.723,14934.4759,223.6798,66.7672,6485.3221,5065.5241,0.2028,28.9288,0.4383,0.3745,0.0877,0.9649,55
213,inequality_pressure,101.8688,101.8688,1376520.3139,11630.7438,1485850.2703,5557.1848,14926.0141,170.4533,87.5666,6495.8993,5073.9859,0.2005,29.9638,0.4329,0.3727,0.0877,0.9649,55
214,inequality_pressure,102.8256,102.8256,1378688.7812,12606.2623,1498115.4734,5557.1848,14926.0141,203.3421,73.4035,6495.8993,5073.9859,0.2013,31.3527,0.4359,0.3717,0.0877,0.9649,55
215,inequality_pressure,101.5917,101.5917,1381620.7577,12537.4154,1510402.3612,5623.2399,14859.959,261.0958,56.9138,6578.4682,5140.041,0.2006,30.1298,0.4281,0.3708,0.0877,0.9649,55
216,inequality_pressure,103.412,103.412,1385025.9477,12327.8191,1522718.5688,5635.0601,14848.1387,194.9321,76.1708,6593.2435,5151.8613,0.1982,31.3527,0.4212,0.3695,0.0877,0.9649,55
217,inequality_pressure,102.2749,102.2749,1389355.0489,10965.5725,1535068.8283,5648.3424,14834.8565,194.2277,76.3787,6609.8463,5165.1435,0.2043,31.6326,0.4231,0.3679,0.0862,0.9483,55
218,inequality_pressure,100.8895,100.8895,1394180.2428,8822.338,1547462.3788,5681.599,14801.5999,250.6198,59.06,6651.4171,5198.4001,0.2047,31.6326,0.423,0.3676,0.0862,0.9483,55
219,inequality_pressure,100.861,100.861,1392830.0889,12832.8375,1559904.1812,5733.4287,14749.7702,219.3654,67.2384,6716.2042,5250.2298,0.2028,31.6326,0.4285,0.3652,0.0862,0.9483,55
220,inequality_pressure,99.5313,99.5313,1397603.1668,10523.2168,1572332.4821,5760.7274,14722.4715,136.3313,107.9904,6750.3276,5277.5285,0.1942,31.3527,0.4188,0.3619,0.0862,0.9483,55
221,inequality_pressure,100.0399,100.0399,1398203.6517,12417.9149,1584808.5137,5782.3255,14700.8734,194.7403,75.4896,6777.3251,5299.1266,0.1955,31.6326,0.424,0.3615,0.0862,0.9483,55
222,inequality_pressure,98.4606,98.4606,1399895.8977,12993.358,1597290.5503,5803.4478,14679.7511,219.4309,66.8992,6803.728,5320.2489,0.1933,31.9871,0.4206,0.3592,0.0862,0.9483,55
223,inequality_pressure,96.7057,96.7057,1405103.1085,9771.3562,1609789.5092,5803.4478,14679.7511,228.2402,64.3171,6803.728,5320.2489,0.1979,32.2322,0.42,0.3573,0.0862,0.9483,55
224,inequality_pressure,98.1335,98.1335,1405847.4216,11168.3167,1622340.5403,5810.1438,14673.0551,258.9164,56.671,6812.0981,5326.9449,0.1962,32.4717,0.4171,0.3561,0.0847,0.9661,57
225,inequality_pressure,98.187,98.187,1406041.5509,13048.0624,1634899.0145,5876.1439,14607.0549,186.2055,78.4459,6913.8681,5392.9451,0.1975,32.3095,0.4262,0.3548,0.0833,0.9667,58
226,inequality_pressure,98.1083,98.1083,1409631.4261,11576.3721,1647459.4301,5881.5884,14601.6105,223.6932,65.2752,6920.6737,5398.3895,0.1978,34.3711,0.4232,0.3542,0.0833,0.9667,58
227,inequality_pressure,98.6167,98.6167,1410991.6726,12394.1966,1660055.7443,5911.6302,14571.5686,279.4385,52.1459,6958.226,5428.4314,0.1931,34.7682,0.4147,0.3541,0.0833,0.9667,58
228,inequality_pressure,95.6215,96.6443,1412287.1866,12959.1276,1672665.661,5966.8662,14516.3327,297.0598,48.8667,7027.2709,5483.6673,0.1929,34.3711,0.4168,0.3532,0.0833,0.9667,58
229,inequality_pressure,97.5633,97.5633,1414364.9601,12873.826,1685288.5329,5998.2217,14484.9772,213.8822,67.7241,7066.4653,5515.0228,0.1882,35.6876,0.4131,0.3518,0.0833,0.9667,58
230,inequality_pressure,96.4622,96.4622,1414314.108,14750.3528,1697932.1825,6012.7138,14470.4851,223.3537,64.7873,7084.5804,5529.5149,0.186,36.3735,0.404,0.3503,0.0833,0.9667,58
231,inequality_pressure,96.5037,96.5037,1418864.2995,11989.766,1710575.3236,6020.3855,14462.8134,258.649,55.9168,7094.17,5537.1866,0.1898,36.3735,0.3999,0.35,0.0833,0.9667,58
232,inequality_pressure,94.1288,94.5737,1419129.5155,13187.9761,1723263.9666,6048.1835,14435.0153,272.7072,52.9323,7128.9176,5564.9847,0.185,36.9147,0.4094,0.3488,0.0833,0.9667,58
233,inequality_pressure,95.0558,95.0558,1423838.6115,10003.6353,1735955.2617,6075.1005,14408.0984,281.6372,51.1584,7162.5638,5591.9016,0.1877,36.654,0.4106,0.3479,0.0833,0.9667,58
234,inequality_pressure,95.859,95.859,1423223.4508,12238.6857,1748693.6479,6107.5169,14375.682,183.4347,78.3695,7203.0843,5624.318,0.1915,37.9191,0.4148,0.3468,0.0833,0.9667,58
235,inequality_pressure,94.2276,94.2276,1425441.2367,11377.3549,1761425.8824,6116.9037,14366.2952,197.0031,72.9242,7214.8178,5633.7048,0.1933,37.4218,0.417,0.3465,0.0833,0.9667,58
236,inequality_pressure,94.9964,94.9964,1426340.1165,11958.5627,1774180.2947,6141.3736,14341.8252,177.4753,80.8103,7245.4052,5658.1748,0.1942,37.2766,0.4176,0.3453,0.0806,0.9677,60
237,inequality_pressure,93.9606,93.9606,1429249.4692,10379.9016,1786943.6959,6153.5536,14329.6453,249.4672,57.441,7260.6301,5670.3547,0.192,37.8974,0.4181,0.3447,0.0806,0.9677,60
238,inequality_pressure,95.3722,95.3722,1427375.2585,13767.4544,1799736.1906,6166.5924,14316.6065,271.4064,52.7497,7276.9286,5683.3935,0.1904,37.9173,0.4175,0.3429,0.0806,0.9677,60
239,inequality_pressure,92.4781,93.4648,1431567.6249,10821.0556,1812509.9432,6172.1406,14311.0583,239.0245,59.8728,7283.8639,5688.9417,0.1843,38.2553,0.4144,0.3417,0.0806,0.9677,60
240,inequality_pressure,93.8766,93.8766,1431470.5075,12125.7499,1825325.6194,6172.1406,14311.0583,282.5234,50.6544,7283.8639,5688.9417,0.1843,38.2553,0.4178,0.3409,0.0794,0.9841,62
241,inequality_pressure,94.7021,94.7021,1433158.2399,11796.2155,1838140.3245,6206.334,14276.8649,198.3462,71.9795,7326.6057,5723.1351,0.1809,37.7938,0.41,0.3397,0.0794,0.9841,62
242,inequality_pressure,94.3778,94.3778,1432271.8363,13964.2444,1850971.9069,6246.2296,14236.9693,248.7241,57.24,7376.4752,5763.0307,0.1814,37.1558,0.4109,0.3399,0.0794,0.9841,62
243,inequality_pressure,94.9114,94.9114,1435513.6436,12113.9806,1863794.6253,6265.0411,14218.1578,218.3889,65.1048,7399.9896,5781.8422,0.1831,37.7938,0.4113,0.3396,0.0794,0.9841,62
244,inequality_pressure,92.9911,93.0132,1437334.2279,11343.705,1876649.7617,6277.841,14205.3578,161.9823,87.697,7415.9895,5794.6422,0.1803,37.7938,0.4036,0.3376,0.0781,1.0,64
245,inequality_pressure,94.6034,94.6034,1439574.4353,10366.6599,1889523.104,6331.9747,14151.2242,186.3019,75.9586,7483.6566,5848.7758,0.1803,37.1558,0.3991,0.3363,0.0769,1.0154,66
246,inequality_pressure,95.2677,95.2677,1439285.7364,12039.5996,1902418.8483,6374.4221,14108.7768,207.0734,68.1342,7556.5781,5891.2232,0.1837,35.4237,0.4009,0.3361,0.0746,1.0299,69
247,inequality_pressure,94.6738,94.6738,1442851.5462,9758.9259,1915311.7057,6374.4221,14108.7768,243.1004,58.0368,7556.5781,5891.2232,0.183,35.4237,0.4005,0.3359,0.0746,1.0299,69
248,inequality_pressure,96.1315,96.1315,1443338.2252,10698.8223,1928240.2212,6388.1488,14095.0501,261.1221,53.9788,7573.7365,5904.9499,0.1837,34.2348,0.3972,0.3353,0.0746,1.0299,69
249,inequality_pressure,92.8069,94.2089,1444569.578,10604.6927,1941173.6034,6454.7722,14028.4267,199.6707,70.2578,7657.0158,5971.5733,0.1829,35.424,0.3924,0.3345,0.0746,1.0299,69
250,inequality_pressure,92.999,92.999,1444981.9881,11158.3426,1954119.2992,6493.3486,13989.8503,234.4994,59.6584,7705.2363,6010.1497,0.1837,34.2671,0.3903,0.3344,0.0746,1.0299,69
251,inequality_pressure,95.405,95.405,1447711.8575,9754.8549,1967069.1191,6524.6121,13958.5868,196.5401,71.0216,7744.3156,6041.4132,0.1818,37.5438,0.3848,0.3318,0.0746,1.0299,69
252,inequality_pressure,96.9468,96.9468,1449129.8684,9888.9039,1980046.2376,6539.8972,13943.3017,165.7793,84.1076,7763.4221,6056.6983,0.1807,37.5438,0.3875,0.3309,0.0746,1.0299,69
253,inequality_pressure,97.2152,97.2152,1448276.8793,12281.7664,1993037.5363,6550.2123,13932.9866,207.1132,67.2723,7781.6222,6067.0134,0.1806,37.5438,0.3943,0.33,0.0725,1.058,73
254,inequality_pressure,96.2066,96.2066,1450567.6338,11380.9135,2006020.3051,6564.384,13918.8149,255.1995,54.5409,7799.3368,6081.1851,0.1837,36.7299,0.3954,0.3294,0.0714,1.0571,74
255,inequality_pressure,95.4511,95.4511,1453193.6876,10066.8495,2019025.9815,6579.1306,13904.0683,240.3703,57.8444,7817.77,6095.9317,0.1851,37.5438,0.4015,0.3281,0.0714,1.0571,74
256,inequality_pressure,98.5738,98.5738,1454138.0382,10824.6861,2032057.9183,6644.49,13838.7089,183.3734,75.4674,7902.0981,6161.2911,0.1835,36.0169,0.3986,0.326,0.0704,1.0704,76
257,inequality_pressure,97.1525,97.1525,1457088.3844,9338.4671,2045099.2987,6655.9394,13827.2595,157.8998,87.5698,7916.4098,6172.7405,0.1825,37.5438,0.3962,0.3243,0.0704,1.0704,76
258,inequality_pressure,97.8726,97.8726,1456107.2952,11915.738,2058170.1826,6686.3707,13796.8282,195.0737,70.7262,7954.4489,6203.1718,0.1857,37.5309,0.4003,0.3232,0.0704,1.0704,76
259,inequality_pressure,99.0435,99.0435,1457801.0066,12017.4739,2071231.2555,6711.7892,13771.4096,249.5279,55.1898,7986.2221,6228.5904,0.1873,33.2348,0.406,0.3231,0.0704,1.0704,76
260,inequality_pressure,99.9871,99.9871,1459675.3356,12014.3314,2084309.2656,6729.5102,13753.6887,187.1511,73.4898,8008.3733,6246.3113,0.1844,37.9801,0.4036,0.32,0.0694,1.0833,78
261,inequality_pressure,98.2831,98.2831,1463001.9238,10270.6845,2097406.0189,6774.4524,13708.7464,280.851,48.8115,8064.5511,6291.2536,0.1856,36.6695,0.4058,0.3204,0.0685,1.0822,79
262,inequality_pressure,97.9207,97.9207,1463221.9262,11589.9885,2110536.0382,6774.4524,13708.7464,335.1977,40.8975,8064.5511,6291.2536,0.1833,37.1961,0.409,0.3203,0.0685,1.0822,79
263,inequality_pressure,99.0026,99.0026,1465374.5691,11155.5209,2123668.2574,6817.7921,13665.4068,337.8642,40.4465,8118.7257,6334.5932,0.1834,37.1961,0.4145,0.3193,0.0685,1.0822,79
264,inequality_pressure,99.4188,99.4188,1467381.0018,10902.2953,2136822.0031,6860.21,13622.9889,198.9872,68.4616,8185.827,6377.0111,0.1842,37.3615,0.4067,0.3176,0.0667,1.0933,82
265,inequality_pressure,99.1304,99.1304,1469148.0077,10802.7311,2149995.8131,6860.21,13622.9889,241.7885,56.3426,8185.827,6377.0111,0.1847,37.039,0.4096,0.3167,0.0667,1.0933,82
266,inequality_pressure,98.9907,98.9907,1469530.3165,11985.1841,2163187.2932,6874.4927,13608.7062,270.8955,50.236,8203.6804,6391.2938,0.1806,37.039,0.4113,0.3168,0.0667,1.0933,82
267,inequality_pressure,100.0647,100.0647,1470627.1213,12648.9872,2176382.5964,6898.8991,13584.2998,303.8854,44.702,8234.1884,6415.7002,0.1803,35.8487,0.4124,0.3151,0.0658,1.1053,84
268,inequality_pressure,101.0034,101.0034,1470833.1089,14345.2788,2189588.8676,6970.1212,13513.0777,301.3904,44.8358,8323.216,6486.9223,0.1832,37.3615,0.412,0.3136,0.0649,1.1169,86
269,inequality_pressure,101.8868,101.8868,1474920.2626,12321.3568,2202797.1987,6987.0102,13496.1887,287.7322,46.9054,8344.3272,6503.8113,0.182,40.0247,0.4128,0.313,0.0641,1.1154,87
270,inequality_pressure,101.341,101.341,1476521.4243,12636.4147,2216046.4013,7022.9726,13460.2263,207.3699,64.9093,8389.2803,6539.7737,0.1808,40.1919,0.4124,0.3107,0.0641,1.1154,87
271,inequality_pressure,102.2992,102.2992,1480133.6496,11103.8498,2229311.6156,7061.4895,13421.7094,155.4142,86.3609,8443.4931,6578.2906,0.1795,42.0941,0.4117,0.3074,0.0625,1.125,90
272,inequality_pressure,102.2791,102.2791,1480318.9615,12959.0611,2242612.952,7061.4895,13421.7094,190.2322,70.5543,8443.4931,6578.2906,0.179,41.4795,0.409,0.3068,0.0625,1.125,90
273,inequality_pressure,105.4538,105.4538,1485627.9703,10100.8301,2255916.1417,7061.4895,13421.7094,242.0199,55.4571,8443.4931,6578.2906,0.179,41.7485,0.4096,0.3068,0.0625,1.125,90
274,inequality_pressure,103.6399,103.6399,1486294.8717,11623.6315,2269272.4214,7061.4895,13421.7094,218.3519,61.4683,8443.4931,6578.2906,0.1736,42.5902,0.406,0.3066,0.0617,1.1358,92
275,inequality_pressure,106.0047,106.0047,1488565.8921,11873.0284,2282635.3701,7061.4895,13421.7094,348.8426,38.475,8443.4931,6578.2906,0.1766,40.713,0.4121,0.3059,0.0617,1.1358,92
276,inequality_pressure,105.2717,105.2717,1492506.5611,10304.7737,2296021.029,7110.3594,13372.8395,324.4985,41.2108,8504.5804,6627.1605,0.1792,40.1919,0.4224,0.3058,0.0617,1.1358,92
277,inequality_pressure,104.551,104.551,1491653.5106,13415.4042,2309446.0946,7136.5089,13346.69,325.7249,40.9753,8537.2673,6653.31,0.1805,38.111,0.425,0.3046,0.0617,1.1358,92
278,inequality_pressure,106.6121,106.6121,1493533.6554,14059.804,2322862.6297,7150.3859,13332.813,307.746,43.3241,8554.6136,6667.187,0.1808,39.5453,0.4267,0.3037,0.0617,1.1358,92
279,inequality_pressure,106.2144,106.2144,1496184.8415,13880.838,2336297.9663,7150.3859,13332.813,312.9762,42.6001,8554.6136,6667.187,0.1806,38.789,0.429,0.3028,0.061,1.1463,94
280,inequality_pressure,103.8834,104.0901,1497796.5384,14377.5521,2349759.8147,7169.6961,13313.5028,363.7487,36.6008,8578.7513,6686.4972,0.1825,38.789,0.4299,0.3016,0.061,1.1463,94
281,inequality_pressure,105.2791,105.2791,1500355.761,14091.2805,2363237.7801,7222.4812,13260.7177,220.125,60.2418,8644.7326,6739.2823,0.1844,38.789,0.4281,0.3008,0.061,1.1463,94
282,inequality_pressure,106.825,106.825,1505761.085,11148.9083,2376741.3377,7271.389,13211.8099,220.9691,59.7903,8705.8674,6788.1901,0.1833,38.789,0.4262,0.3008,0.061,1.1463,94
283,inequality_pressure,105.3347,105.3347,1506643.9768,12468.3637,2390298.9485,7285.1864,13198.0125,334.8493,39.4148,8723.1142,6801.9875,0.1854,37.159,0.431,0.3007,0.061,1.1463,94
284,inequality_pressure,105.5955,105.5955,1509360.3137,11934.6682,2403865.3883,7313.7979,13169.401,328.8479,40.0471,8758.8786,6830.599,0.1833,38.2918,0.4193,0.3003,0.061,1.1463,94
285,inequality_pressure,107.4276,107.4276,1511159.2527,12583.0514,2417458.9914,7345.2118,13137.9871,347.7853,37.7761,8810.3226,6862.0129,0.1826,39.3307,0.4187,0.2987,0.0602,1.1325,94
286,inequality_pressure,106.0997,106.0997,1512752.2371,13293.4349,2431070.584,7447.7854,13035.4135,187.2591,69.6116,8938.5395,6964.5865,0.181,41.139,0.4157,0.2972,0.0602,1.1325,94
287,inequality_pressure,104.0006,104.0006,1517628.184,10372.9145,2444698.1063,7468.2883,13014.9106,227.1117,57.3062,8964.1681,6985.0894,0.1804,40.9175,0.4145,0.2961,0.0602,1.1325,94
288,inequality_pressure,105.9823,105.9823,1518583.5882,11608.4862,2458374.3882,7484.2083,12998.9906,248.2163,52.3696,8984.0681,7001.0094,0.1809,40.9175,0.4104,0.2944,0.0595,1.131,95
289,inequality_pressure,105.3396,105.3396,1521923.5901,10326.4709,2472060.2241,7497.9158,12985.2831,242.8355,53.4736,9001.2025,7014.7169,0.1813,40.9175,0.4054,0.2941,0.0595,1.131,95
290,inequality_pressure,105.0433,105.0433,1519849.4222,14410.1808,2485779.46,7521.8974,12961.3015,222.9626,58.1322,9031.1795,7038.6985,0.1803,42.051,0.402,0.2923,0.0595,1.131,95
291,inequality_pressure,104.1747,104.1747,1523281.6147,12878.9804,2499477.9542,7521.8974,12961.3015,234.7556,55.2119,9031.1795,7038.6985,0.1812,40.9175,0.4003,0.292,0.0595,1.131,95
292,inequality_pressure,105.7368,105.7368,1526050.4851,12208.1634,2513210.7703,7543.6109,12939.588,264.5088,48.9193,9058.3214,7060.412,0.1817,40.5724,0.404,0.2903,0.0595,1.131,95
293,inequality_pressure,103.4093,103.622,1526057.1146,13984.3321,2526971.2752,7613.5681,12869.6308,298.4075,43.1277,9145.7679,7130.3692,0.1761,40.5104,0.4015,0.2896,0.0595,1.131,95
294,inequality_pressure,103.6462,103.6462,1528800.6944,12992.8998,2540731.8463,7631.3388,12851.8601,298.1128,43.1107,9167.9813,7148.1399,0.1785,40.5724,0.4002,0.2902,0.0588,1.1412,97
295,inequality_pressure,106.4762,106.4762,1528580.508,15372.7005,2554519.8533,7631.3388,12851.8601,247.3185,51.9648,9167.9813,7148.1399,0.1784,40.7627,0.4006,0.2893,0.0588,1.1412,97
296,inequality_pressure,104.4112,104.4112,1531402.2582,14365.2544,2568305.6584,7651.6692,12831.5297,292.8919,43.8098,9193.3943,7168.4703,0.1793,40.5724,0.4039,0.2895,0.0588,1.1412,97
297,inequality_pressure,105.7063,105.7063,1532321.3925,15475.8544,2582119.6809,7698.0069,12785.192,234.9561,54.4152,9255.9205,7214.808,0.1786,40.7627,0.4036,0.2891,0.0581,1.1512,99
298,inequality_pressure,103.5221,103.5922,1535601.8233,13888.7669,2595942.8949,7715.5866,12767.6123,224.7076,56.8188,9277.8952,7232.3877,0.1784,42.2665,0.4014,0.2884,0.0581,1.1512,99
299,inequality_pressure,104.433,104.433,1534407.4955,16812.6957,2609798.9131,7787.7472,12695.4516,130.8328,97.0357,9368.096,7304.5484,0.1748,45.0446,0.3924,0.2887,0.0581,1.1512,99
300,inequality_pressure,101.2005,102.3443,1536639.6979,16017.0469,2623642.988,7808.2153,12674.9836,171.2756,74.0034,9393.6811,7325.0164,0.1761,43.5838,0.3945,0.2882,0.0581,1.1512,99
301,inequality_pressure,102.1701,102.1701,1538972.6554,15102.4151,2637509.385,7847.5145,12635.6844,186.7492,67.6612,9442.805,7364.3156,0.1754,46.4449,0.3917,0.2877,0.0581,1.1512,99
302,inequality_pressure,103.3162,103.3162,1537511.1963,18137.0446,2651399.1116,7900.1271,12583.0717,143.4572,87.7131,9517.3757,7416.9283,0.174,46.4449,0.3851,0.2876,0.0575,1.1609,101
303,inequality_pressure,100.6859,101.2499,1541296.9256,15623.9098,2665274.2235,7932.5237,12550.6752,154.0792,81.456,9557.8713,7449.3248,0.1739,43.5838,0.384,0.2868,0.0575,1.1609,101
304,inequality_pressure,100.0452,100.0452,1544541.3369,13431.6704,2679187.1928,7941.6259,12541.573,218.3918,57.4269,9569.2491,7458.427,0.1745,43.0043,0.3805,0.2856,0.0575,1.1609,101
305,inequality_pressure,101.2973,101.2973,1546707.1222,12437.8653,2693132.6062,7956.3125,12526.8864,231.7885,54.0445,9587.6073,7473.1136,0.1735,43.2553,0.3783,0.285,0.0575,1.1609,101
306,inequality_pressure,101.9088,101.9088,1547415.6362,12998.3141,2707099.6774,8041.228,12441.9708,126.8815,98.0598,9713.9839,7558.0292,0.1738,43.7277,0.3764,0.2845,0.0562,1.1798,105
307,inequality_pressure,101.5503,101.5503,1548883.8181,12693.9043,2721073.8338,8079.1086,12404.0903,222.6071,55.7219,9761.3345,7595.9097,0.1688,43.8423,0.3731,0.2839,0.0562,1.1798,105
308,inequality_pressure,97.9896,99.5193,1552355.6963,10133.8782,2735062.6719,8090.7404,12392.4584,235.6514,52.5881,9775.8744,7607.5416,0.1698,44.898,0.3734,0.2832,0.0556,1.1889,107
309,inequality_pressure,99.761,99.761,1553238.4904,10191.6732,2749086.2289,8137.7196,12345.4793,238.1843,51.8316,9834.5983,7654.5207,0.1699,43.9156,0.3688,0.2825,0.0556,1.1889,107
310,inequality_pressure,99.0623,99.0623,1553127.2617,11026.5419,2763118.6138,8151.1686,12332.0303,273.2336,45.1337,9855.8319,7667.9697,0.169,46.735,0.3696,0.2807,0.0543,1.1739,108
311,inequality_pressure,96.9465,97.0811,1553799.6689,10874.6712,2777149.8864,8196.4118,12286.7871,278.286,44.1516,9912.3859,7713.2129,0.1707,46.7939,0.3733,0.2801,0.0543,1.1739,108
312,inequality_pressure,99.4863,99.4863,1555078.7763,10466.3341,2791187.8831,8211.0677,12272.1312,329.2737,37.2703,9930.7058,7727.8688,0.1726,46.2826,0.3694,0.2796,0.0538,1.1828,110
313,inequality_pressure,97.2179,97.4966,1555241.7984,10877.0146,2805238.6709,8247.7303,12235.4685,243.8599,50.1742,9976.5341,7764.5315,0.1767,48.0716,0.3746,0.2794,0.0538,1.1828,110
314,inequality_pressure,95.6979,95.6979,1554793.1677,11605.2495,2819291.0889,8260.4023,12222.7966,254.1758,48.088,9992.374,7777.2034,0.1765,48.0716,0.3809,0.2799,0.0532,1.1915,112
315,inequality_pressure,98.8487,98.8487,1554691.9274,12433.6246,2833339.0205,8288.266,12194.9329,294.1368,41.4601,10027.2037,7805.0671,0.1798,45.6084,0.3902,0.2796,0.0532,1.1915,112
316,inequality_pressure,95.5618,96.8717,1556745.7042,10810.9364,2847385.9398,8294.0636,12189.1352,305.3892,39.9134,10034.4507,7810.8648,0.1798,45.4831,0.3952,0.2795,0.0532,1.1915,112
317,inequality_pressure,97.2389,97.2389,1556378.0901,11674.3683,2861453.3968,8318.8044,12164.3945,271.2986,44.8377,10065.3767,7835.6055,0.1816,46.9849,0.3984,0.2794,0.0526,1.2,114
318,inequality_pressure,97.937,97.937,1560085.5619,8497.9777,2875517.1777,8364.2669,12118.932,289.4504,41.8688,10122.2048,7881.068,0.1833,47.7483,0.3949,0.2797,0.0526,1.2,114
319,inequality_pressure,95.2778,95.9783,1558331.9085,10529.1763,2889618.0334,8402.4224,12080.7765,296.118,40.7972,10169.8992,7919.2235,0.1836,48.8107,0.3884,0.2784,0.0521,1.2083,116
320,inequality_pressure,94.8493,94.8493,1557631.7362,11287.2341,2903701.3525,8438.9693,12044.2296,366.9405,32.8234,10215.5828,7955.7704,0.1836,47.7483,0.3927,0.2783,0.0521,1.2083,116
321,inequality_pressure,94.9157,94.9157,1560003.0237,9052.8797,2917777.6698,8482.6893,12000.5096,362.3956,33.1144,10270.2328,7999.4904,0.1833,47.7483,0.393,0.2769,0.0515,1.2062,117
322,inequality_pressure,93.8055,93.8055,1558812.8502,10186.3741,2931877.7,8536.3993,11946.7996,301.9802,39.5615,10337.3703,8053.2004,0.1815,49.23,0.3966,0.2758,0.051,1.2143,119
323,inequality_pressure,92.9859,92.9859,1558974.0561,9825.5774,2945965.8286,8587.6795,11895.5194,317.3006,37.4897,10401.4706,8104.4806,0.1802,49.23,0.3956,0.2751,0.0505,1.2222,121
324,inequality_pressure,95.0978,95.0978,1558319.9661,10586.3147,2960055.5691,8612.7619,11870.437,275.8586,43.0309,10432.8235,8129.563,0.1815,48.6107,0.402,0.2756,0.0505,1.2222,121
325,inequality_pressure,93.2411,93.2411,1558617.0783,10131.9196,2974138.7688,8665.2948,11817.9041,234.2064,50.4594,10498.4897,8182.0959,0.181,50.2535,0.4004,0.275,0.0505,1.2222,121
326,inequality_pressure,94.683,94.683,1558961.5869,9813.1813,2988224.9396,8685.3413,11797.8575,303.4334,38.8812,10523.5479,8202.1425,0.1809,50.2535,0.4008,0.2739,0.05,1.23,123
327,inequality_pressure,93.0937,93.0937,1557258.425,11324.8599,3002314.5554,8742.8725,11740.3264,245.4798,47.826,10595.4618,8259.6736,0.1794,51.9183,0.3979,0.2729,0.05,1.23,123
328,inequality_pressure,92.9932,92.9932,1556663.1291,11751.7018,3016387.1397,8768.9544,11714.2445,345.8659,33.8693,10628.0642,8285.7555,0.1791,47.7577,0.3961,0.2717,0.05,1.23,123
329,inequality_pressure,93.9012,93.9012,1555475.6458,12920.1173,3030453.771,8832.4719,11650.727,351.6321,33.1333,10717.3189,8349.273,0.178,49.2723,0.4034,0.2716,0.049,1.2451,127
330,inequality_pressure,93.9527,93.9527,1556114.3687,12288.8158,3044508.5274,8901.5163,11581.6826,316.9913,36.5363,10803.6244,8418.3174,0.1792,48.3039,0.4033,0.2711,0.049,1.2451,127
331,inequality_pressure,92.831,92.831,1555451.4093,12787.531,3058569.6711,8934.8772,11548.3216,221.7519,52.0777,10845.3256,8451.6784,0.1821,50.0335,0.4034,0.2701,0.049,1.2451,127
332,inequality_pressure,92.186,92.186,1554906.8322,13079.6227,3072624.1852,8960.7547,11522.4441,235.3734,48.9539,10888.4502,8477.5559,0.1805,51.993,0.3992,0.2697,0.0485,1.2524,129
333,inequality_pressure,94.3289,94.3289,1556203.885,11882.8332,3086673.2535,8966.9305,11516.2684,245.8398,46.8446,10896.1699,8483.7316,0.1794,53.2698,0.4033,0.2693,0.0485,1.2524,129
334,inequality_pressure,92.9575,92.9575,1556287.6498,11652.9509,3100735.2924,8989.135,11494.0638,245.2552,46.8657,10923.9256,8505.9362,0.1786,54.9491,0.4018,0.2687,0.0481,1.2596,131
335,inequality_pressure,96.1241,96.1241,1558742.0166,9497.6234,3114798.1689,9009.8258,11473.3731,254.4625,45.0887,10949.789,8526.6269,0.1785,54.9491,0.4003,0.2681,0.0481,1.2596,131
336,inequality_pressure,93.6681,94.2016,1556335.229,11914.4679,3128885.589,9030.4926,11452.7063,243.681,46.9988,10975.6226,8547.2937,0.1779,57.5192,0.3988,0.2675,0.0476,1.2667,133
337,inequality_pressure,95.1607,95.1607,1556159.8354,12236.0382,3142948.9413,9094.0506,11389.1483,229.4594,49.6347,11055.07,8610.8517,0.1802,57.8289,0.4016,0.2669,0.0467,1.2804,137
338,inequality_pressure,93.9488,93.9488,1556727.5038,11699.0939,3157010.5397,9094.0506,11389.1483,267.118,42.6371,11055.07,8610.8517,0.1809,56.0109,0.4014,0.2664,0.0467,1.2804,137
339,inequality_pressure,95.4734,95.4734,1558858.5508,9785.8813,3171077.8147,9121.9442,11361.2547,255.2121,44.5169,11089.9371,8638.7453,0.1804,54.9491,0.4001,0.2646,0.0467,1.2804,137
340,inequality_pressure,96.2305,96.2305,1557804.5297,11185.895,3185166.4002,9163.2652,11319.9337,220.6412,51.3047,11141.5883,8680.0663,0.181,53.1778,0.3982,0.264,0.0463,1.287,139
341,inequality_pressure,94.8507,94.8507,1560168.7758,8949.9772,3199244.4455,9163.2652,11319.9337,205.0187,55.2141,11141.5883,8680.0663,0.1803,52.828,0.3943,0.2644,0.0463,1.287,139
342,inequality_pressure,98.0569,98.0569,1557865.7204,11820.0426,3213346.1333,9163.2652,11319.9337,237.7391,47.6149,11141.5883,8680.0663,0.1775,53.9504,0.3909,0.2634,0.0463,1.287,139
343,inequality_pressure,95.5948,96.0957,1558761.3071,11193.4591,3227424.7905,9200.9043,11282.2945,318.6659,35.4048,11188.6372,8717.7055,0.18,52.828,0.4002,0.2621,0.0463,1.287,139
344,inequality_pressure,98.2591,98.2591,1558162.7565,12379.0285,3241512.4036,9213.8206,11269.3783,411.714,27.3719,11204.7825,8730.6217,0.1832,52.828,0.4039,0.2619,0.0463,1.287,139
345,inequality_pressure,98.1747,98.1747,1560056.7531,11069.1731,3255594.0311,9241.7851,11241.4138,423.8579,26.5217,11239.7381,8758.5862,0.1834,51.6723,0.4047,0.2608,0.0463,1.287,139
346,inequality_pressure,95.6115,96.2112,1560102.725,11335.5499,3269694.5987,9292.1918,11191.0071,467.2806,23.9492,11307.4391,8808.9929,0.1844,52.3556,0.4089,0.2606,0.0455,1.3,143
347,inequality_pressure,96.1501,96.1501,1562793.9212,8965.8443,3283795.6259,9331.3078,11151.8911,355.4102,31.3775,11356.3341,8848.1089,0.1864,53.0546,0.4124,0.2605,0.0455,1.3,143
348,inequality_pressure,99.8898,99.8898,1562839.2731,9759.4929,3297923.5651,9347.9344,11135.2645,310.453,35.8678,11377.1173,8864.7355,0.1875,53.8583,0.4177,0.2592,0.045,1.3063,145
349,inequality_pressure,98.1119,98.1119,1562128.3953,11017.3487,3312051.9578,9369.1359,11114.063,278.4652,39.9119,11403.6192,8885.937,0.1861,53.8583,0.4157,0.2594,0.045,1.3063,145
350,inequality_pressure,97.617,97.617,1561986.4263,11653.3765,3326173.2418,9384.0327,11099.1661,256.778,43.2247,11422.2403,8900.8339,0.1862,53.3867,0.4065,0.2589,0.0442,1.3186,149
351,inequality_pressure,99.6957,99.6957,1562848.1659,11571.5954,3340293.1061,9395.716,11087.4829,382.5465,28.9834,11436.8444,8912.5171,0.1842,53.3867,0.4072,0.258,0.0442,1.3186,149
352,inequality_pressure,101.952,101.952,1562702.4348,12881.6391,3354421.5877,9460.2722,11022.9266,321.4596,34.2902,11517.5397,8977.0734,0.1831,55.7685,0.4016,0.2579,0.0442,1.3186,149
353,inequality_pressure,101.4372,101.4372,1563111.7184,13546.0168,3368548.6121,9460.2722,11022.9266,270.0885,40.8123,11517.5397,8977.0734,0.1802,56.4356,0.3955,0.2581,0.0442,1.3186,149
354,inequality_pressure,99.5776,99.5776,1565510.7547,11922.9144,3382679.7293,9488.2305,10994.9684,347.0719,31.6792,11552.4875,9005.0316,0.1841,55.7936,0.3979,0.2575,0.0435,1.3304,153
355,inequality_pressure,102.9366,102.9366,1565878.7563,12819.9343,3396834.8368,9499.4336,10983.7652,411.3775,26.7,11566.4914,9016.2348,0.1851,55.6314,0.3968,0.2565,0.0435,1.3304,153
356,inequality_pressure,100.0196,100.8778,1566068.2863,13582.3153,3410993.6244,9516.4357,10966.7631,376.7007,29.1127,11587.744,9033.2369,0.1837,56.2364,0.3939,0.2552,0.0427,1.3419,157
357,inequality_pressure,104.0597,104.0597,1566015.6315,15013.9332,3425154.3072,9540.1111,10943.0878,285.3222,38.3534,11617.3382,9056.9122,0.1867,56.8645,0.3925,0.2552,0.0427,1.3419,157
358,inequality_pressure,104.1501,104.1501,1568066.5976,14397.3073,3439314.4635,9556.3558,10926.8431,342.0806,31.9423,11637.6441,9073.1569,0.1872,56.8645,0.3951,0.2547,0.0427,1.3419,157
359,inequality_pressure,103.0128,103.0128,1569996.496,13738.6636,3453495.1295,9575.7118,10907.4871,351.4708,31.0338,11661.8391,9092.5129,0.1874,56.8645,0.3924,0.2537,0.0424,1.339,158
360,inequality_pressure,102.0037,102.0037,1574119.1153,10673.6707,3467695.0945,9620.5978,10862.6011,314.7923,34.5072,11717.9466,9137.3989,0.1885,56.9815,0.3946,0.253,0.042,1.3445,160
361,inequality_pressure,101.979,101.979,1575139.7923,10626.5416,3481936.2856,9642.6247,10840.5742,325.599,33.2942,11745.4802,9159.4258,0.1886,55.768,0.3964,0.2528,0.0417,1.35,162
362,inequality_pressure,102.3998,102.3998,1574509.3325,12276.5389,3496187.6836,9642.6247,10840.5742,402.508,26.9326,11745.4802,9159.4258,0.187,55.7455,0.3919,0.2525,0.041,1.3607,166
363,inequality_pressure,104.5683,104.5683,1577105.2581,11097.7267,3510432.7769,9695.4508,10787.748,392.7874,27.4646,11815.051,9212.252,0.1865,51.9694,0.3961,0.2519,0.0407,1.3659,168
364,inequality_pressure,103.5772,103.5772,1578138.2571,11303.6944,3524703.8295,9819.9486,10663.2503,255.9015,41.6694,11970.6732,9336.7497,0.1913,51.9694,0.3971,0.2506,0.0407,1.3659,168
